time,symbol,open,high,low,close,volume
2021-11-04,DAR/USDT,0.023,16.79999,0.023,3.30427,253270565.0
2021-11-05,DAR/USDT,3.30427,3.42565,2.5,2.59758,63669516.0
2021-11-06,DAR/USDT,2.59824,2.83468,2.178,2.2,30882202.0
2021-11-07,DAR/USDT,2.2,2.3645,2.05,2.07632,16428814.0
2021-11-08,DAR/USDT,2.07578,2.07633,1.81173,1.91982,21982518.0
2021-11-09,DAR/USDT,1.92116,2.10402,1.85,1.85301,16667851.0
2021-11-10,DAR/USDT,1.85301,2.262,1.85,1.96255,28448768.0
2021-11-11,DAR/USDT,1.96688,2.02999,1.865,1.88187,8345513.0
2021-11-12,DAR/USDT,1.88187,1.89098,1.68492,1.77922,10459569.0
2021-11-13,DAR/USDT,1.77922,2.85,1.76,2.29207,113516656.0
2021-11-14,DAR/USDT,2.29571,2.3144,2.0615,2.13265,22783103.0
2021-11-15,DAR/USDT,2.13265,2.3459,1.96,1.97645,15613112.0
2021-11-16,DAR/USDT,1.97649,2.06548,1.76,1.90935,11709627.0
2021-11-17,DAR/USDT,1.90717,2.67,1.90082,2.25166,56051536.0
2021-11-18,DAR/USDT,2.25166,2.575,2.086,2.40728,42465942.0
2021-11-19,DAR/USDT,2.40504,3.02541,2.27244,2.51025,63976144.0
2021-11-20,DAR/USDT,2.51043,3.77197,2.43,3.32997,110639996.0
2021-11-21,DAR/USDT,3.32702,4.57819,3.01,3.1382,130081761.0
2021-11-22,DAR/USDT,3.14697,3.434,2.75,2.8699,51712315.0
2021-11-23,DAR/USDT,2.8653,3.63996,2.8653,3.37357,62962023.0
2021-11-24,DAR/USDT,3.37361,4.5,3.25,4.16525,71015319.0
2021-11-25,DAR/USDT,4.16522,4.89,3.55,3.91483,76277746.0
2021-11-26,DAR/USDT,3.91669,4.39,3.03,3.2819,49902786.0
2021-11-27,DAR/USDT,3.28223,3.42,2.95011,3.10383,22737711.0
2021-11-28,DAR/USDT,3.10382,3.7653,2.8,3.64082,57874414.0
2021-11-29,DAR/USDT,3.64082,4.17243,3.45425,3.45495,48570612.0
2021-11-30,DAR/USDT,3.4567,3.675,3.22475,3.6294,26463323.0
2021-12-01,DAR/USDT,3.62407,3.891,3.22941,3.30007,31959381.0
2021-12-02,DAR/USDT,3.30008,3.39554,3.0,3.09335,19336119.0
2021-12-03,DAR/USDT,3.0923,3.3,2.8,2.8349,22806551.0
2021-12-04,DAR/USDT,2.83414,2.83564,1.81677,2.42354,28512533.0
2021-12-05,DAR/USDT,2.42232,2.4749,2.0972,2.16748,16218852.0
2021-12-06,DAR/USDT,2.16748,2.34548,1.88,2.31083,19691276.0
2021-12-07,DAR/USDT,2.31087,2.32423,2.07744,2.13344,14081029.0
2021-12-08,DAR/USDT,2.13359,2.7696,2.08251,2.56328,46884758.0
2021-12-09,DAR/USDT,2.56126,2.66936,2.2005,2.24681,29500302.0
2021-12-10,DAR/USDT,2.24843,2.33458,2.11,2.11537,14686588.0
2021-12-11,DAR/USDT,2.11306,2.25,2.06144,2.21533,10550867.0
2021-12-12,DAR/USDT,2.2175,2.41868,2.18902,2.24938,15760103.0
2021-12-13,DAR/USDT,2.24719,2.265,1.91944,1.97926,17339496.0
2021-12-14,DAR/USDT,1.97863,2.07679,1.88788,1.95425,13670323.0
2021-12-15,DAR/USDT,1.95282,2.07347,1.85222,2.04954,16461829.0
2021-12-16,DAR/USDT,2.04955,2.19514,1.9937,2.00526,13280476.0
2021-12-17,DAR/USDT,2.00528,2.03173,1.861,1.91148,9074014.0
2021-12-18,DAR/USDT,1.9127,1.99414,1.89856,1.944,6864935.0
2021-12-19,DAR/USDT,1.944,1.99292,1.88911,1.96232,6545923.0
2021-12-20,DAR/USDT,1.96315,2.263,1.929,2.16364,37998396.0
2021-12-21,DAR/USDT,2.16237,2.35,2.09688,2.27091,18744139.0
2021-12-22,DAR/USDT,2.2709,2.27608,2.13226,2.14703,10886853.0
2021-12-23,DAR/USDT,2.14751,2.314,2.032,2.27607,14118233.0
2021-12-24,DAR/USDT,2.2771,2.51,2.26414,2.33651,19855866.0
2021-12-25,DAR/USDT,2.33467,2.7542,2.33,2.7,25243705.0
2021-12-26,DAR/USDT,2.69806,2.7,2.45643,2.52074,12879003.0
2021-12-27,DAR/USDT,2.5207,2.70171,2.48478,2.53998,12435408.0
2021-12-28,DAR/USDT,2.53998,2.54148,2.12,2.18785,13025357.0
2021-12-29,DAR/USDT,2.18767,2.258,2.07,2.07823,6809320.0
2021-12-30,DAR/USDT,2.07924,2.17925,2.0068,2.13114,6530653.0
2021-12-31,DAR/USDT,2.13202,2.25599,2.07037,2.09633,6458523.0
2022-01-01,DAR/USDT,2.09568,2.15213,2.01,2.09329,6975647.0
2022-01-02,DAR/USDT,2.09652,2.17621,2.087,2.09213,5885417.0
2022-01-03,DAR/USDT,2.09213,2.09902,2.03281,2.04569,4989357.0
2022-01-04,DAR/USDT,2.04776,2.13589,1.98888,2.08325,7480702.0
2022-01-05,DAR/USDT,2.083,2.1721,1.92127,1.98193,13916399.0
2022-01-06,DAR/USDT,1.98193,2.02314,1.8463,1.90805,11797458.0
2022-01-07,DAR/USDT,1.91019,1.92136,1.7,1.70953,11621391.0
2022-01-08,DAR/USDT,1.71192,1.78713,1.55395,1.59831,6764983.0
2022-01-09,DAR/USDT,1.59781,1.7358,1.59212,1.71828,5884460.0
2022-01-10,DAR/USDT,1.71598,1.74309,1.47751,1.54133,9344583.0
2022-01-11,DAR/USDT,1.54135,1.6126,1.51305,1.56586,5614650.0
2022-01-12,DAR/USDT,1.56586,1.68818,1.53719,1.6814,6321341.0
2022-01-13,DAR/USDT,1.6814,1.68198,1.53441,1.54263,5011961.0
2022-01-14,DAR/USDT,1.54508,1.6,1.49874,1.54334,4492997.0
2022-01-15,DAR/USDT,1.54313,1.5873,1.53733,1.5579,3068908.0
2022-01-16,DAR/USDT,1.55649,1.56633,1.49229,1.5234,3415333.0
2022-01-17,DAR/USDT,1.52348,1.52683,1.30914,1.33947,8323556.0
2022-01-18,DAR/USDT,1.33777,1.36,1.20394,1.24139,7224345.0
2022-01-19,DAR/USDT,1.24035,1.2544,1.168,1.18037,5930039.0
2022-01-20,DAR/USDT,1.18037,1.29582,1.12119,1.12756,6061889.0
2022-01-21,DAR/USDT,1.12756,1.14207,0.8499,0.89294,13286309.0
2022-01-22,DAR/USDT,0.89244,0.93526,0.65205,0.77187,13474432.0
2022-01-23,DAR/USDT,0.77191,0.83044,0.72301,0.76091,8945769.0
2022-01-24,DAR/USDT,0.76091,0.76154,0.63129,0.72713,9266901.0
2022-01-25,DAR/USDT,0.7274,0.73371,0.67863,0.71034,7261477.0
2022-01-26,DAR/USDT,0.70886,0.76598,0.66789,0.68547,11807515.0
2022-01-27,DAR/USDT,0.68545,0.77889,0.6485,0.74647,19462131.0
2022-01-28,DAR/USDT,0.74647,0.77724,0.70396,0.73175,13861395.0
2022-01-29,DAR/USDT,0.73071,0.76233,0.71483,0.72868,6892930.0
2022-01-30,DAR/USDT,0.72942,0.86263,0.72205,0.74521,21355651.0
2022-01-31,DAR/USDT,0.74521,0.7526,0.68011,0.72585,12200866.0
2022-02-01,DAR/USDT,0.72582,0.75181,0.7122,0.73059,9177903.0
2022-02-02,DAR/USDT,0.73059,0.9421,0.7,0.82976,54774212.0
2022-02-03,DAR/USDT,0.83065,1.0096,0.78439,0.94147,59791813.0
2022-02-04,DAR/USDT,0.94291,0.94329,0.82254,0.8587,23406246.0
2022-02-05,DAR/USDT,0.8592,0.9394,0.82998,0.86654,28211523.0
2022-02-06,DAR/USDT,0.8679,1.275,0.8679,1.12685,106983283.0
2022-02-07,DAR/USDT,1.12685,1.21367,1.0563,1.13882,57794643.0
2022-02-08,DAR/USDT,1.13772,1.14593,1.00387,1.06819,30422706.0
2022-02-09,DAR/USDT,1.06666,1.155,1.044,1.06419,25473889.0
2022-02-10,DAR/USDT,1.06251,1.2457,1.01745,1.13808,53599152.0
2022-02-11,DAR/USDT,1.13807,1.343,1.06368,1.1077,71327857.0
2022-02-12,DAR/USDT,1.1077,1.13065,0.97238,1.07549,47149347.0
2022-02-13,DAR/USDT,1.07549,1.10861,0.98888,1.00734,24043561.0
2022-02-14,DAR/USDT,1.00837,1.035,0.95782,1.00245,17466963.0
2022-02-15,DAR/USDT,1.00351,1.095,0.99037,1.08675,15967467.0
2022-02-16,DAR/USDT,1.08871,1.1083,1.0256,1.05905,12883230.0
2022-02-17,DAR/USDT,1.05995,1.07,0.92534,0.93159,16810998.0
2022-02-18,DAR/USDT,0.93125,1.01499,0.91058,0.91575,18658214.0
2022-02-19,DAR/USDT,0.91609,0.99527,0.91351,0.95155,14253189.0
2022-02-20,DAR/USDT,0.95248,0.95464,0.79928,0.82153,13602077.0
2022-02-21,DAR/USDT,0.8216,0.87144,0.735,0.74133,14663531.0
2022-02-22,DAR/USDT,0.741,0.76267,0.69791,0.75274,10266149.0
2022-02-23,DAR/USDT,0.75334,0.825,0.73,0.73001,15283758.0
2022-02-24,DAR/USDT,0.73154,0.73805,0.63,0.70354,17194261.0
2022-02-25,DAR/USDT,0.70354,0.78103,0.69754,0.76481,11959666.0
2022-02-26,DAR/USDT,0.76436,0.7847,0.74539,0.76004,7709161.0
2022-02-27,DAR/USDT,0.76004,0.78245,0.71001,0.72349,8635008.0
2022-02-28,DAR/USDT,0.72508,0.93,0.71001,0.8685,30725446.0
2022-03-01,DAR/USDT,0.8693,0.89648,0.82669,0.85475,18046015.0
2022-03-02,DAR/USDT,0.85545,0.88,0.80325,0.82111,13142588.0
2022-03-03,DAR/USDT,0.82032,0.84969,0.77,0.80098,16769861.0
2022-03-04,DAR/USDT,0.80018,0.8499,0.7499,0.75287,20249146.0
2022-03-05,DAR/USDT,0.75295,0.78901,0.7364,0.77602,7204905.0
2022-03-06,DAR/USDT,0.77611,0.785,0.7,0.70453,6940133.0
2022-03-07,DAR/USDT,0.7042,0.73624,0.66669,0.68378,9802614.0
2022-03-08,DAR/USDT,0.68353,0.70497,0.66941,0.67413,8173748.0
2022-03-09,DAR/USDT,0.67415,0.71772,0.67288,0.69044,10962879.0
2022-03-10,DAR/USDT,0.69045,0.69409,0.6388,0.65879,9730366.0
2022-03-11,DAR/USDT,0.65909,0.66977,0.61084,0.62631,12309009.0
2022-03-12,DAR/USDT,0.62683,0.77,0.62531,0.70301,51109892.0
2022-03-13,DAR/USDT,0.70322,0.74303,0.63,0.6418,22283574.0
2022-03-14,DAR/USDT,0.6417,0.665,0.61381,0.6467,11424948.0
2022-03-15,DAR/USDT,0.64669,0.64801,0.611,0.62725,10350962.0
2022-03-16,DAR/USDT,0.62792,0.6545,0.61389,0.65396,14749662.0
2022-03-17,DAR/USDT,0.65396,0.66091,0.63464,0.64113,11851237.0
2022-03-18,DAR/USDT,0.6411,0.68602,0.62,0.68171,13844783.0
2022-03-19,DAR/USDT,0.68172,0.84444,0.6773,0.76241,55845797.0
2022-03-20,DAR/USDT,0.76234,0.78659,0.687,0.71594,21305663.0
2022-03-21,DAR/USDT,0.71599,0.82,0.71384,0.76649,34921418.0
2022-03-22,DAR/USDT,0.7667,0.98,0.75519,0.88436,103867459.0
2022-03-23,DAR/USDT,0.8844,0.95929,0.836,0.8542,57835640.0
2022-03-24,DAR/USDT,0.85407,0.87,0.80895,0.83498,21044312.0
2022-03-25,DAR/USDT,0.83498,0.86462,0.79089,0.7951,21728722.0
2022-03-26,DAR/USDT,0.79502,0.847,0.787,0.81265,14676327.0
2022-03-27,DAR/USDT,0.81253,0.9298,0.81011,0.89714,44604580.0
2022-03-28,DAR/USDT,0.89712,0.94998,0.8478,0.85299,28450166.0
2022-03-29,DAR/USDT,0.85299,0.93665,0.85,0.87743,24764077.0
2022-03-30,DAR/USDT,0.87783,1.286,0.87384,1.16232,175602025.0
2022-03-31,DAR/USDT,1.16231,1.244,0.97525,1.028,87200904.0
2022-04-01,DAR/USDT,1.02694,1.14799,0.93646,1.07438,52093396.0
2022-04-02,DAR/USDT,1.07439,1.255,1.066,1.09313,54709788.0
2022-04-03,DAR/USDT,1.09312,1.23488,1.07209,1.15911,32388709.0
2022-04-04,DAR/USDT,1.15862,1.26995,1.08501,1.25651,50072822.0
2022-04-05,DAR/USDT,1.25765,1.58499,1.2,1.2834,161224580.0
2022-04-06,DAR/USDT,1.283,1.41977,1.133,1.1485,59987087.0
2022-04-07,DAR/USDT,1.1481,1.19644,1.06732,1.12735,30873431.0
2022-04-08,DAR/USDT,1.1269,1.21002,1.04427,1.0872,28870840.0
2022-04-09,DAR/USDT,1.08576,1.27831,1.08576,1.25988,34899834.0
2022-04-10,DAR/USDT,1.25866,1.312,1.10994,1.12148,33470066.0
2022-04-11,DAR/USDT,1.12058,1.15424,0.98297,1.00091,30385046.0
2022-04-12,DAR/USDT,1.00179,1.1014,0.98947,1.04304,20140441.0
2022-04-13,DAR/USDT,1.04304,1.1232,1.015,1.1065,16988433.0
2022-04-14,DAR/USDT,1.10587,1.1529,1.02118,1.0376,19928314.0
2022-04-15,DAR/USDT,1.0382,1.08507,1.02402,1.0445,10490884.0
2022-04-16,DAR/USDT,1.04476,1.04567,0.99136,1.01651,9853800.0
2022-04-17,DAR/USDT,1.01638,1.06701,0.96499,0.97593,13359879.0
2022-04-18,DAR/USDT,0.97533,1.045,0.908,1.02329,21177742.0
2022-04-19,DAR/USDT,1.02365,1.22201,1.023,1.19372,55076727.0
2022-04-20,DAR/USDT,1.19371,1.22868,1.10531,1.1225,30798689.0
2022-04-21,DAR/USDT,1.12257,1.17555,1.0235,1.04259,21453218.0
2022-04-22,DAR/USDT,1.04238,1.07665,1.0098,1.05455,18290451.0
2022-04-23,DAR/USDT,1.0545,1.18,1.03127,1.06822,30200255.0
2022-04-24,DAR/USDT,1.06822,1.131,1.02836,1.04899,16035801.0
2022-04-25,DAR/USDT,1.04766,1.1,0.94,1.09413,27793790.0
2022-04-26,DAR/USDT,1.09459,1.09464,0.93114,0.95719,24495941.0
2022-04-27,DAR/USDT,0.9572,1.00777,0.9306,0.95181,19492217.0
2022-04-28,DAR/USDT,0.95185,1.92647,0.92433,1.71238,366832925.0
2022-04-29,DAR/USDT,1.71374,2.222,1.32706,1.40826,470554252.0
2022-04-30,DAR/USDT,1.40925,1.577,1.1,1.13145,140726584.0
2022-05-01,DAR/USDT,1.13048,1.37333,1.1232,1.31297,105260994.0
2022-05-02,DAR/USDT,1.3137,1.37832,1.15,1.18716,65017930.0
2022-05-03,DAR/USDT,1.18716,1.52317,1.17667,1.42294,150832463.0
2022-05-04,DAR/USDT,1.4244,1.6361,1.38885,1.45606,185237013.0
2022-05-05,DAR/USDT,1.45608,1.5012,1.16247,1.22437,107959536.0
2022-05-06,DAR/USDT,1.22437,1.22875,1.033,1.15782,86060239.0
2022-05-07,DAR/USDT,1.15748,1.18223,1.0051,1.0471,64878506.0
2022-05-08,DAR/USDT,1.04743,1.05793,0.95155,0.96603,58315002.0
2022-05-09,DAR/USDT,0.96578,1.00666,0.70102,0.70923,99385384.0
2022-05-10,DAR/USDT,0.7087,0.83057,0.6603,0.70602,93806875.0
2022-05-11,DAR/USDT,0.70495,0.73708,0.2838,0.37404,233936073.0
2022-05-12,DAR/USDT,0.37442,0.5023,0.3,0.43408,154815474.0
2022-05-13,DAR/USDT,0.434,0.55278,0.40399,0.41532,132010952.0
2022-05-14,DAR/USDT,0.41532,0.48398,0.38483,0.46675,76621021.0
2022-05-15,DAR/USDT,0.46675,0.47489,0.425,0.47388,59083812.0
2022-05-16,DAR/USDT,0.47389,0.47429,0.40223,0.42008,59776595.0
2022-05-17,DAR/USDT,0.42005,0.5335,0.41935,0.4848,104334574.0
2022-05-18,DAR/USDT,0.48481,0.50157,0.42,0.42318,56802187.0
2022-05-19,DAR/USDT,0.42302,0.49457,0.41701,0.46937,56440248.0
2022-05-20,DAR/USDT,0.46922,0.499,0.43378,0.47079,71608397.0
2022-05-21,DAR/USDT,0.47032,0.59,0.46721,0.52859,142107996.0
2022-05-22,DAR/USDT,0.52814,0.561,0.49523,0.51309,61401781.0
2022-05-23,DAR/USDT,0.51309,0.53147,0.462,0.47385,56531712.0
2022-05-24,DAR/USDT,0.47396,0.50953,0.45148,0.48664,45356618.0
2022-05-25,DAR/USDT,0.48632,0.494,0.46566,0.47029,40648683.0
2022-05-26,DAR/USDT,0.47019,0.48564,0.39759,0.41887,61718357.0
2022-05-27,DAR/USDT,0.41859,0.43541,0.39423,0.40917,45134969.0
2022-05-28,DAR/USDT,0.40919,0.42741,0.40031,0.42443,30903037.0
2022-05-29,DAR/USDT,0.42435,0.47,0.40531,0.45457,44607521.0
2022-05-30,DAR/USDT,0.45456,0.50149,0.44376,0.49083,48166449.0
2022-05-31,DAR/USDT,0.49101,0.50601,0.44044,0.47105,38104978.0
2022-06-01,DAR/USDT,0.4711,0.48921,0.41304,0.42449,50332205.0
2022-06-02,DAR/USDT,0.42468,0.43897,0.4095,0.4359,24112337.0
2022-06-03,DAR/USDT,0.43607,0.44014,0.40338,0.41406,19933903.0
2022-06-04,DAR/USDT,0.41452,0.457,0.4056,0.42919,40350580.0
2022-06-05,DAR/USDT,0.42925,0.43256,0.41752,0.4218,15450406.0
2022-06-06,DAR/USDT,0.42156,0.44899,0.42001,0.44009,23840510.0
2022-06-07,DAR/USDT,0.44007,0.47175,0.39407,0.41564,47270275.0
2022-06-08,DAR/USDT,0.41569,0.43939,0.41146,0.41884,38316296.0
2022-06-09,DAR/USDT,0.41886,0.42998,0.415,0.41777,20856595.0
2022-06-10,DAR/USDT,0.41777,0.42424,0.38839,0.39608,25295491.0
2022-06-11,DAR/USDT,0.39581,0.42179,0.34539,0.355,29568069.0
2022-06-12,DAR/USDT,0.35482,0.36044,0.3047,0.31152,33588027.0
2022-06-13,DAR/USDT,0.31077,0.32504,0.26549,0.29069,65635729.0
2022-06-14,DAR/USDT,0.2914,0.33712,0.27971,0.31577,68608987.0
2022-06-15,DAR/USDT,0.31592,0.33217,0.2797,0.3321,47998166.0
2022-06-16,DAR/USDT,0.33194,0.33772,0.28857,0.29363,32654831.0
2022-06-17,DAR/USDT,0.29379,0.31126,0.29244,0.30722,15671596.0
2022-06-18,DAR/USDT,0.30706,0.31196,0.25382,0.27743,26487810.0
2022-06-19,DAR/USDT,0.27742,0.29533,0.26091,0.2911,22805869.0
2022-06-20,DAR/USDT,0.29096,0.30034,0.27721,0.29482,23465470.0
2022-06-21,DAR/USDT,0.29468,0.31599,0.29229,0.2975,25540189.0
2022-06-22,DAR/USDT,0.2976,0.29789,0.27631,0.28463,18299518.0
2022-06-23,DAR/USDT,0.28463,0.30896,0.2832,0.30448,25011303.0
2022-06-24,DAR/USDT,0.30452,0.33114,0.30431,0.31882,31312035.0
2022-06-25,DAR/USDT,0.31883,0.35194,0.30517,0.33948,33320239.0
2022-06-26,DAR/USDT,0.33946,0.36538,0.31448,0.31587,50135498.0
2022-06-27,DAR/USDT,0.31584,0.33499,0.30852,0.31539,18840637.0
2022-06-28,DAR/USDT,0.31527,0.33046,0.29869,0.3008,25796310.0
2022-06-29,DAR/USDT,0.30079,0.30999,0.29198,0.30149,16135491.0
2022-06-30,DAR/USDT,0.30177,0.30342,0.27218,0.29025,17527497.0
2022-07-01,DAR/USDT,0.29015,0.29769,0.27857,0.28128,16375493.0
2022-07-02,DAR/USDT,0.28151,0.28779,0.274,0.28364,10098486.0
2022-07-03,DAR/USDT,0.28364,0.29394,0.27943,0.29149,11968949.0
2022-07-04,DAR/USDT,0.29158,0.30151,0.28502,0.29996,19527745.0
2022-07-05,DAR/USDT,0.29997,0.30385,0.28154,0.28393,15997741.0
2022-07-06,DAR/USDT,0.28414,0.3108,0.28002,0.30005,24723778.0
2022-07-07,DAR/USDT,0.30024,0.3129,0.29661,0.30736,21087578.0
2022-07-08,DAR/USDT,0.30741,0.31532,0.29413,0.29802,16803187.0
2022-07-09,DAR/USDT,0.29823,0.30763,0.296,0.30271,8334563.0
2022-07-10,DAR/USDT,0.30286,0.30304,0.28651,0.28867,9611891.0
2022-07-11,DAR/USDT,0.28876,0.30397,0.27307,0.27801,28698822.0
2022-07-12,DAR/USDT,0.27801,0.2841,0.27007,0.27112,12083342.0
2022-07-13,DAR/USDT,0.27097,0.28006,0.25566,0.27982,19618861.0
2022-07-14,DAR/USDT,0.27966,0.28576,0.26986,0.28175,21362745.0
2022-07-15,DAR/USDT,0.28166,0.30273,0.27613,0.28514,21374436.0
2022-07-16,DAR/USDT,0.28514,0.29416,0.27815,0.29188,10247653.0
2022-07-17,DAR/USDT,0.29184,0.31137,0.28903,0.29317,24598678.0
2022-07-18,DAR/USDT,0.29321,0.32442,0.29308,0.31446,27749022.0
2022-07-19,DAR/USDT,0.31437,0.32834,0.30501,0.32024,29852760.0
2022-07-20,DAR/USDT,0.32025,0.33622,0.29547,0.305,23178932.0
2022-07-21,DAR/USDT,0.30471,0.30915,0.29145,0.30613,14054281.0
2022-07-22,DAR/USDT,0.30582,0.31896,0.29338,0.29866,17491118.0
2022-07-23,DAR/USDT,0.29855,0.3069,0.29352,0.29994,13297537.0
2022-07-24,DAR/USDT,0.29996,0.32352,0.29955,0.30472,21390601.0
2022-07-25,DAR/USDT,0.305,0.30709,0.28001,0.28089,13475835.0
2022-07-26,DAR/USDT,0.28111,0.28183,0.27136,0.28152,12556003.0
2022-07-27,DAR/USDT,0.28157,0.2988,0.27686,0.29841,16382834.0
2022-07-28,DAR/USDT,0.29866,0.33951,0.29327,0.33097,37349461.0
2022-07-29,DAR/USDT,0.33082,0.345,0.31387,0.32343,40739688.0
2022-07-30,DAR/USDT,0.32374,0.35498,0.31861,0.32465,38946289.0
2022-07-31,DAR/USDT,0.32447,0.38278,0.32172,0.33848,58376909.0
2022-08-01,DAR/USDT,0.33849,0.35416,0.3273,0.34001,24408970.0
2022-08-02,DAR/USDT,0.33996,0.34578,0.3195,0.3326,33363077.0
2022-08-03,DAR/USDT,0.33259,0.34405,0.32274,0.33533,24100204.0
2022-08-04,DAR/USDT,0.33533,0.34499,0.33085,0.33551,20232613.0
2022-08-05,DAR/USDT,0.3356,0.34945,0.33417,0.34562,18843292.0
2022-08-06,DAR/USDT,0.34581,0.35466,0.34204,0.34731,15239758.0
2022-08-07,DAR/USDT,0.34717,0.3533,0.3418,0.3489,15051377.0
2022-08-08,DAR/USDT,0.34856,0.36012,0.34647,0.35449,17103183.0
2022-08-09,DAR/USDT,0.35415,0.36235,0.32991,0.33706,21202241.0
2022-08-10,DAR/USDT,0.33693,0.3538,0.32491,0.35339,17632294.0
2022-08-11,DAR/USDT,0.35333,0.359,0.34024,0.34344,17019011.0
2022-08-12,DAR/USDT,0.34348,0.35272,0.33587,0.35175,11805086.0
2022-08-13,DAR/USDT,0.35185,0.35442,0.34391,0.3464,13339946.0
2022-08-14,DAR/USDT,0.34622,0.3529,0.33056,0.33624,16259018.0
2022-08-15,DAR/USDT,0.33651,0.34391,0.32012,0.32709,16274665.0
2022-08-16,DAR/USDT,0.32693,0.33105,0.31709,0.3228,13728961.0
2022-08-17,DAR/USDT,0.32289,0.33283,0.29913,0.30431,14794232.0
2022-08-18,DAR/USDT,0.30476,0.31234,0.285,0.2896,13243621.0
2022-08-19,DAR/USDT,0.28943,0.2896,0.2557,0.25892,30054995.0
2022-08-20,DAR/USDT,0.25886,0.26942,0.2465,0.25739,19045222.0
2022-08-21,DAR/USDT,0.25748,0.27021,0.25574,0.26414,16423588.0
2022-08-22,DAR/USDT,0.26427,0.29767,0.24706,0.26775,41736769.0
2022-08-23,DAR/USDT,0.26775,0.27187,0.25871,0.26554,19270683.0
2022-08-24,DAR/USDT,0.26587,0.2736,0.26117,0.26625,14534693.0
2022-08-25,DAR/USDT,0.26619,0.27698,0.264,0.2687,13877899.0
2022-08-26,DAR/USDT,0.26862,0.27156,0.23902,0.24266,14443491.0
2022-08-27,DAR/USDT,0.24233,0.24636,0.236,0.2427,14048991.0
2022-08-28,DAR/USDT,0.24266,0.24923,0.23447,0.23674,12222102.0
2022-08-29,DAR/USDT,0.23681,0.26898,0.2325,0.253,48348684.0
2022-08-30,DAR/USDT,0.25284,0.25657,0.2389,0.24509,16871567.0
2022-08-31,DAR/USDT,0.24509,0.25464,0.2442,0.24589,14643313.0
2022-09-01,DAR/USDT,0.24575,0.24796,0.23996,0.24701,14042129.0
2022-09-02,DAR/USDT,0.24704,0.25068,0.24116,0.24458,15514880.0
2022-09-03,DAR/USDT,0.24456,0.25177,0.24326,0.24625,13465533.0
2022-09-04,DAR/USDT,0.24639,0.25111,0.245,0.25079,13125058.0
2022-09-05,DAR/USDT,0.25088,0.25325,0.24344,0.24862,12628308.0
2022-09-06,DAR/USDT,0.24868,0.25665,0.22853,0.23047,18916125.0
2022-09-07,DAR/USDT,0.23062,0.24182,0.22309,0.23852,12880068.0
2022-09-08,DAR/USDT,0.23831,0.24039,0.23206,0.23774,15845407.0
2022-09-09,DAR/USDT,0.2379,0.26196,0.23761,0.25839,23826548.0
2022-09-10,DAR/USDT,0.25848,0.26143,0.24918,0.25293,16728534.0
2022-09-11,DAR/USDT,0.25296,0.25778,0.2468,0.25042,13173040.0
2022-09-12,DAR/USDT,0.25046,0.25959,0.24608,0.24921,24786545.0
2022-09-13,DAR/USDT,0.24921,0.25158,0.232,0.23313,16511710.0
2022-09-14,DAR/USDT,0.2331,0.23658,0.22549,0.23272,10495520.0
2022-09-15,DAR/USDT,0.23269,0.2346,0.22383,0.22691,13485460.0
2022-09-16,DAR/USDT,0.22686,0.22856,0.22162,0.2262,10579123.0
2022-09-17,DAR/USDT,0.22611,0.23298,0.226,0.23207,8918140.0
2022-09-18,DAR/USDT,0.23188,0.23256,0.20122,0.20323,10812589.0
2022-09-19,DAR/USDT,0.20323,0.21259,0.19629,0.21188,13035859.0
2022-09-20,DAR/USDT,0.21184,0.21331,0.20298,0.20402,11430146.0
2022-09-21,DAR/USDT,0.20404,0.21477,0.19355,0.19649,14784677.0
2022-09-22,DAR/USDT,0.19649,0.21353,0.19549,0.21033,10250327.0
2022-09-23,DAR/USDT,0.21056,0.21557,0.20023,0.20825,11320630.0
2022-09-24,DAR/USDT,0.20833,0.2119,0.20269,0.2037,6826116.0
2022-09-25,DAR/USDT,0.20363,0.20717,0.19718,0.19961,5822224.0
2022-09-26,DAR/USDT,0.19961,0.20285,0.19572,0.20189,7732687.0
2022-09-27,DAR/USDT,0.20192,0.21236,0.19841,0.2022,10968028.0
2022-09-28,DAR/USDT,0.20218,0.20404,0.19529,0.20181,6876231.0
2022-09-29,DAR/USDT,0.20189,0.20684,0.19922,0.20646,9165391.0
2022-09-30,DAR/USDT,0.20645,0.20932,0.20313,0.20591,11272950.0
2022-10-01,DAR/USDT,0.20591,0.20867,0.20322,0.20617,7389610.0
2022-10-02,DAR/USDT,0.20601,0.226,0.2014,0.20972,34983315.0
2022-10-03,DAR/USDT,0.20974,0.21555,0.20476,0.21325,15181718.0
2022-10-04,DAR/USDT,0.21318,0.2166,0.20971,0.214,11370246.0
2022-10-05,DAR/USDT,0.21403,0.21497,0.20704,0.21161,10051539.0
2022-10-06,DAR/USDT,0.21159,0.21453,0.20761,0.20845,9533766.0
2022-10-07,DAR/USDT,0.20825,0.21002,0.2051,0.20761,5609505.0
2022-10-08,DAR/USDT,0.2076,0.21139,0.19826,0.20672,5686784.0
2022-10-09,DAR/USDT,0.20669,0.2105,0.205,0.20914,6495994.0
2022-10-10,DAR/USDT,0.20916,0.2106,0.1975,0.19792,8304616.0
2022-10-11,DAR/USDT,0.19779,0.20071,0.19,0.19366,10080188.0
2022-10-12,DAR/USDT,0.19365,0.21994,0.1929,0.19841,13601797.0
2022-10-13,DAR/USDT,0.19852,0.2,0.17652,0.19458,14549268.0
2022-10-14,DAR/USDT,0.19449,0.19967,0.189,0.19163,10117668.0
2022-10-15,DAR/USDT,0.19177,0.19449,0.18912,0.19146,4117154.0
2022-10-16,DAR/USDT,0.19141,0.19703,0.19134,0.19513,6733526.0
2022-10-17,DAR/USDT,0.19516,0.19944,0.1933,0.19808,8580461.0
2022-10-18,DAR/USDT,0.19828,0.2069,0.19255,0.19634,12080706.0
2022-10-19,DAR/USDT,0.19636,0.19715,0.1829,0.18492,8325771.0
2022-10-20,DAR/USDT,0.185,0.18858,0.18157,0.18311,5937003.0
2022-10-21,DAR/USDT,0.18306,0.18676,0.17802,0.18548,7580044.0
2022-10-22,DAR/USDT,0.18559,0.18765,0.18264,0.18598,5046944.0
2022-10-23,DAR/USDT,0.18606,0.18944,0.1833,0.1884,6252964.0
2022-10-24,DAR/USDT,0.1885,0.19059,0.18455,0.18525,8828532.0
2022-10-25,DAR/USDT,0.18527,0.19728,0.18426,0.19237,10651035.0
2022-10-26,DAR/USDT,0.19247,0.2,0.19243,0.19788,12029308.0
2022-10-27,DAR/USDT,0.19776,0.21922,0.19709,0.20187,57565387.0
2022-10-28,DAR/USDT,0.20177,0.20897,0.19632,0.20552,14875926.0
2022-10-29,DAR/USDT,0.20562,0.21391,0.20562,0.20759,20954941.0
2022-10-30,DAR/USDT,0.20759,0.22858,0.2071,0.21062,29323621.0
2022-10-31,DAR/USDT,0.21054,0.21261,0.2011,0.20538,17333802.0
2022-11-01,DAR/USDT,0.20552,0.2096,0.2001,0.20109,12949069.0
2022-11-02,DAR/USDT,0.20105,0.20471,0.19061,0.19495,16912292.0
2022-11-03,DAR/USDT,0.19488,0.22302,0.1943,0.217,27043247.0
2022-11-04,DAR/USDT,0.21698,0.2313,0.214,0.22759,22337409.0
2022-11-05,DAR/USDT,0.22763,0.245,0.2205,0.22603,31705038.0
2022-11-06,DAR/USDT,0.22576,0.23599,0.21516,0.21567,20503868.0
2022-11-07,DAR/USDT,0.21564,0.22116,0.20714,0.21383,12400026.0
2022-11-08,DAR/USDT,0.21379,0.2189,0.15779,0.17643,31790605.0
2022-11-09,DAR/USDT,0.17623,0.17701,0.11821,0.12354,44951582.0
2022-11-10,DAR/USDT,0.12353,0.15933,0.1222,0.1488,37842079.0
2022-11-11,DAR/USDT,0.14873,0.15133,0.13271,0.14373,45970939.0
2022-11-12,DAR/USDT,0.14378,0.14804,0.13246,0.13418,22391523.0
2022-11-13,DAR/USDT,0.1342,0.14922,0.12812,0.13284,33710975.0
2022-11-14,DAR/USDT,0.13293,0.14,0.12592,0.1367,19707346.0
2022-11-15,DAR/USDT,0.1367,0.14302,0.13525,0.139,10923712.0
2022-11-16,DAR/USDT,0.13895,0.14138,0.13182,0.13578,11291318.0
2022-11-17,DAR/USDT,0.1359,0.13789,0.13251,0.13284,8847525.0
2022-11-18,DAR/USDT,0.13284,0.1365,0.13096,0.13215,8602709.0
2022-11-19,DAR/USDT,0.13221,0.13299,0.12666,0.13026,9109877.0
2022-11-20,DAR/USDT,0.13031,0.15077,0.12427,0.12803,53619486.0
2022-11-21,DAR/USDT,0.12801,0.13397,0.12035,0.12507,21726453.0
2022-11-22,DAR/USDT,0.12505,0.13136,0.12042,0.1308,11348638.0
2022-11-23,DAR/USDT,0.1309,0.137,0.12971,0.1345,11067887.0
2022-11-24,DAR/USDT,0.13449,0.13895,0.13065,0.13486,16721111.0
2022-11-25,DAR/USDT,0.13476,0.13493,0.13058,0.13371,8251114.0
2022-11-26,DAR/USDT,0.13365,0.14111,0.13309,0.13523,27727796.0
2022-11-27,DAR/USDT,0.13529,0.13961,0.13417,0.13534,12119714.0
2022-11-28,DAR/USDT,0.13528,0.13661,0.12839,0.13414,8808823.0
2022-11-29,DAR/USDT,0.13402,0.14,0.13162,0.13251,13319979.0
2022-11-30,DAR/USDT,0.13249,0.14357,0.13223,0.14165,22201628.0
2022-12-01,DAR/USDT,0.14168,0.14206,0.13521,0.13748,9803947.0
2022-12-02,DAR/USDT,0.13742,0.14468,0.13471,0.14028,13458818.0
2022-12-03,DAR/USDT,0.14016,0.14553,0.13569,0.13608,16204634.0
2022-12-04,DAR/USDT,0.13603,0.146,0.13571,0.13875,18384966.0
2022-12-05,DAR/USDT,0.13875,0.14324,0.13482,0.13651,12898786.0
2022-12-06,DAR/USDT,0.13661,0.13862,0.13,0.13571,16284338.0
2022-12-07,DAR/USDT,0.1358,0.13682,0.12738,0.13009,12597577.0
2022-12-08,DAR/USDT,0.1301,0.13574,0.12771,0.13294,10762113.0
2022-12-09,DAR/USDT,0.13288,0.1355,0.1299,0.1311,15649698.0
2022-12-10,DAR/USDT,0.13112,0.13412,0.13044,0.13153,12140826.0
2022-12-11,DAR/USDT,0.13147,0.13412,0.13014,0.13029,3493288.0
2022-12-12,DAR/USDT,0.1303,0.13036,0.12501,0.12845,6602699.0
2022-12-13,DAR/USDT,0.1285,0.16899,0.1238,0.15074,99813961.0
2022-12-14,DAR/USDT,0.15074,0.18273,0.1486,0.15565,116571382.0
2022-12-15,DAR/USDT,0.15565,0.15695,0.1467,0.14981,21544568.0
2022-12-16,DAR/USDT,0.14982,0.15235,0.12657,0.12893,24010536.0
2022-12-17,DAR/USDT,0.12884,0.13298,0.12292,0.13111,11282699.0
2022-12-18,DAR/USDT,0.13119,0.13169,0.12589,0.12839,9347815.0
2022-12-19,DAR/USDT,0.12841,0.13106,0.11462,0.11833,8727690.0
2022-12-20,DAR/USDT,0.1183,0.12435,0.11787,0.12284,7900211.0
2022-12-21,DAR/USDT,0.12284,0.12337,0.11942,0.12129,5354225.0
2022-12-22,DAR/USDT,0.12131,0.12435,0.1166,0.1206,12902313.0
2022-12-23,DAR/USDT,0.1206,0.1219,0.11964,0.12014,3450488.0
2022-12-24,DAR/USDT,0.12018,0.12163,0.11889,0.11923,4389866.0
2022-12-25,DAR/USDT,0.11919,0.1211,0.11509,0.11738,9708394.0
2022-12-26,DAR/USDT,0.11738,0.12008,0.11692,0.11989,4975729.0
2022-12-27,DAR/USDT,0.11997,0.12062,0.11658,0.11888,5521744.0
2022-12-28,DAR/USDT,0.11883,0.12103,0.11366,0.11991,20113768.0
2022-12-29,DAR/USDT,0.1199,0.1199,0.11144,0.11395,10598738.0
2022-12-30,DAR/USDT,0.11399,0.11708,0.11263,0.11572,7859635.0
2022-12-31,DAR/USDT,0.11569,0.11629,0.11489,0.11524,2478973.0
2023-01-01,DAR/USDT,0.11524,0.11767,0.11454,0.11733,1988741.0
2023-01-02,DAR/USDT,0.11737,0.11895,0.11483,0.11702,8176478.0
2023-01-03,DAR/USDT,0.11696,0.12148,0.1155,0.11937,13515401.0
2023-01-04,DAR/USDT,0.11933,0.14421,0.11847,0.13879,59525491.0
2023-01-05,DAR/USDT,0.1387,0.13928,0.12452,0.12695,35202791.0
2023-01-06,DAR/USDT,0.12692,0.1306,0.12431,0.12949,13885385.0
2023-01-07,DAR/USDT,0.12958,0.13109,0.12594,0.12678,12910080.0
2023-01-08,DAR/USDT,0.1269,0.12946,0.12147,0.12866,19950564.0
2023-01-09,DAR/USDT,0.12874,0.13619,0.1285,0.13192,24676219.0
2023-01-10,DAR/USDT,0.13195,0.1366,0.12917,0.1343,15964895.0
2023-01-11,DAR/USDT,0.13444,0.13789,0.13024,0.13722,11716335.0
2023-01-12,DAR/USDT,0.13727,0.13939,0.13073,0.13807,17226401.0
2023-01-13,DAR/USDT,0.13807,0.15146,0.13709,0.14808,20564385.0
2023-01-14,DAR/USDT,0.14804,0.16369,0.14379,0.15439,25983510.0
2023-01-15,DAR/USDT,0.15445,0.15699,0.14617,0.15511,14448493.0
2023-01-16,DAR/USDT,0.1552,0.162,0.15094,0.15557,12558627.0
2023-01-17,DAR/USDT,0.15557,0.17018,0.15218,0.16094,26023620.0
2023-01-18,DAR/USDT,0.16094,0.16394,0.14237,0.14304,23718801.0
2023-01-19,DAR/USDT,0.14305,0.1485,0.14268,0.14766,7774550.0
2023-01-20,DAR/USDT,0.14771,0.16058,0.14501,0.16024,10678015.0
2023-01-21,DAR/USDT,0.1603,0.1679,0.158,0.1582,13837808.0
2023-01-22,DAR/USDT,0.15833,0.17411,0.15715,0.16423,16110172.0
2023-01-23,DAR/USDT,0.16427,0.185,0.16427,0.17121,31865818.0
2023-01-24,DAR/USDT,0.17121,0.22588,0.16912,0.1912,138373892.0
2023-01-25,DAR/USDT,0.1912,0.19141,0.17383,0.1839,42798190.0
2023-01-26,DAR/USDT,0.18409,0.1934,0.18335,0.1921,25688958.0
2023-01-27,DAR/USDT,0.1923,0.329,0.1923,0.25819,286693141.0
2023-01-28,DAR/USDT,0.25818,0.3088,0.25009,0.27017,125141793.0
2023-01-29,DAR/USDT,0.27017,0.28012,0.26599,0.27459,31264559.0
2023-01-30,DAR/USDT,0.2746,0.29287,0.26441,0.27002,73109270.0
2023-01-31,DAR/USDT,0.26999,0.28176,0.2625,0.2685,44701019.0
2023-02-01,DAR/USDT,0.26856,0.27172,0.24266,0.26409,38184688.0
2023-02-02,DAR/USDT,0.26415,0.28528,0.26013,0.26135,44928183.0
2023-02-03,DAR/USDT,0.26142,0.27,0.2555,0.2664,24513894.0
2023-02-04,DAR/USDT,0.2664,0.27332,0.25995,0.26273,19648842.0
2023-02-05,DAR/USDT,0.2628,0.26915,0.23188,0.24795,22110623.0
2023-02-06,DAR/USDT,0.24812,0.2527,0.23631,0.23943,12872119.0
2023-02-07,DAR/USDT,0.23925,0.25666,0.23856,0.25372,21241287.0
2023-02-08,DAR/USDT,0.25358,0.27642,0.23742,0.26987,60010399.0
2023-02-09,DAR/USDT,0.26996,0.26999,0.20969,0.21826,45932732.0
2023-02-10,DAR/USDT,0.21824,0.22148,0.21319,0.21684,19272276.0
2023-02-11,DAR/USDT,0.21684,0.22737,0.21337,0.22618,12688895.0
2023-02-12,DAR/USDT,0.22603,0.2319,0.21835,0.22337,10453821.0
2023-02-13,DAR/USDT,0.22344,0.22516,0.20436,0.21178,21466221.0
2023-02-14,DAR/USDT,0.21177,0.21999,0.20828,0.21899,15950798.0
2023-02-15,DAR/USDT,0.2191,0.23648,0.21616,0.23589,18494497.0
2023-02-16,DAR/USDT,0.23598,0.24431,0.22082,0.22192,22219546.0
2023-02-17,DAR/USDT,0.22201,0.24299,0.22035,0.23616,13653544.0
2023-02-18,DAR/USDT,0.23612,0.24309,0.23358,0.24003,13469624.0
2023-02-19,DAR/USDT,0.24002,0.24633,0.23032,0.2336,22318357.0
2023-02-20,DAR/USDT,0.23364,0.24863,0.22549,0.24702,18277656.0
2023-02-21,DAR/USDT,0.24711,0.25347,0.23054,0.2385,24594102.0
2023-02-22,DAR/USDT,0.2384,0.24095,0.22267,0.23234,14783434.0
2023-02-23,DAR/USDT,0.23228,0.24012,0.22658,0.23049,10729012.0
2023-02-24,DAR/USDT,0.23037,0.23195,0.20657,0.21135,14238073.0
2023-02-25,DAR/USDT,0.21138,0.2155,0.19786,0.20472,13295694.0
2023-02-26,DAR/USDT,0.20478,0.2183,0.20419,0.21523,8391374.0
2023-02-27,DAR/USDT,0.2151,0.21797,0.20581,0.21116,10568011.0
2023-02-28,DAR/USDT,0.21116,0.21263,0.20141,0.20301,6966647.0
2023-03-01,DAR/USDT,0.20307,0.21152,0.20081,0.21038,8438059.0
2023-03-02,DAR/USDT,0.2107,0.21104,0.2018,0.20487,8205650.0
2023-03-03,DAR/USDT,0.20488,0.20497,0.17668,0.18051,21145521.0
2023-03-04,DAR/USDT,0.18062,0.18272,0.16749,0.17368,15403840.0
2023-03-05,DAR/USDT,0.17364,0.18152,0.17272,0.17385,13876247.0
2023-03-06,DAR/USDT,0.17385,0.17975,0.16879,0.17736,17592498.0
2023-03-07,DAR/USDT,0.17737,0.1797,0.16635,0.17239,12528635.0
2023-03-08,DAR/USDT,0.17237,0.17283,0.16149,0.16543,16360591.0
2023-03-09,DAR/USDT,0.16529,0.17229,0.14755,0.15005,29042732.0
2023-03-10,DAR/USDT,0.15005,0.15638,0.14268,0.15557,20899269.0
2023-03-11,DAR/USDT,0.1556,0.15974,0.14803,0.15469,15987445.0
2023-03-12,DAR/USDT,0.15461,0.16989,0.15011,0.16877,17416116.0
2023-03-13,DAR/USDT,0.16879,0.18075,0.16072,0.17844,25125061.0
2023-03-14,DAR/USDT,0.17841,0.19195,0.1712,0.18301,28509269.0
2023-03-15,DAR/USDT,0.183,0.18971,0.16179,0.16568,25052155.0
2023-03-16,DAR/USDT,0.16559,0.16984,0.16238,0.16727,22777925.0
2023-03-17,DAR/USDT,0.16732,0.18467,0.16452,0.18356,28163434.0
2023-03-18,DAR/USDT,0.18363,0.18919,0.17611,0.17793,22604777.0
2023-03-19,DAR/USDT,0.17789,0.1939,0.17679,0.1823,28813408.0
2023-03-20,DAR/USDT,0.18252,0.225,0.1767,0.1993,155326099.0
2023-03-21,DAR/USDT,0.19923,0.20796,0.1844,0.19176,90947174.0
2023-03-22,DAR/USDT,0.19173,0.19484,0.17002,0.17683,41681594.0
2023-03-23,DAR/USDT,0.17681,0.18335,0.17431,0.18311,21677665.0
2023-03-24,DAR/USDT,0.1831,0.18479,0.16822,0.17257,19234091.0
2023-03-25,DAR/USDT,0.17262,0.17438,0.166,0.16845,11974194.0
2023-03-26,DAR/USDT,0.16841,0.17361,0.16703,0.17163,9143454.0
2023-03-27,DAR/USDT,0.17152,0.17207,0.15773,0.16231,17323173.0
2023-03-28,DAR/USDT,0.16223,0.16757,0.15906,0.16731,13452421.0
2023-03-29,DAR/USDT,0.16738,0.1745,0.16623,0.17178,16172594.0
2023-03-30,DAR/USDT,0.17183,0.17476,0.16532,0.16985,11838237.0
2023-03-31,DAR/USDT,0.16982,0.17482,0.16631,0.17348,17992183.0
2023-04-01,DAR/USDT,0.1735,0.17611,0.17192,0.17408,8997137.0
2023-04-02,DAR/USDT,0.17408,0.17683,0.16698,0.17021,12094253.0
2023-04-03,DAR/USDT,0.17015,0.17468,0.16434,0.17078,17282416.0
2023-04-04,DAR/USDT,0.17082,0.17897,0.16928,0.1764,24980426.0
2023-04-05,DAR/USDT,0.17641,0.18237,0.17276,0.1808,19276234.0
2023-04-06,DAR/USDT,0.1808,0.18612,0.17,0.17591,33722802.0
2023-04-07,DAR/USDT,0.17597,0.17719,0.17096,0.17294,12954937.0
2023-04-08,DAR/USDT,0.17294,0.1789,0.1603,0.16932,37512663.0
2023-04-09,DAR/USDT,0.16925,0.17685,0.16805,0.17452,23324560.0
2023-04-10,DAR/USDT,0.17452,0.1773,0.17129,0.17724,14758135.0
2023-04-11,DAR/USDT,0.17721,0.17991,0.1759,0.17694,12188111.0
2023-04-12,DAR/USDT,0.17697,0.18567,0.1702,0.18508,37107623.0
2023-04-13,DAR/USDT,0.18509,0.19182,0.17827,0.1851,45843267.0
2023-04-14,DAR/USDT,0.18503,0.19309,0.18331,0.19202,19002828.0
2023-04-15,DAR/USDT,0.19191,0.1937,0.18728,0.19144,16066508.0
2023-04-16,DAR/USDT,0.19123,0.21209,0.18946,0.20235,43304181.0
2023-04-17,DAR/USDT,0.20242,0.20397,0.19134,0.19408,20193570.0
2023-04-18,DAR/USDT,0.1941,0.2005,0.19153,0.19927,13482760.0
2023-04-19,DAR/USDT,0.19926,0.20069,0.17638,0.1799,24356716.0
2023-04-20,DAR/USDT,0.17982,0.18269,0.17108,0.17269,15206470.0
2023-04-21,DAR/USDT,0.17268,0.1754,0.16034,0.16211,14712261.0
2023-04-22,DAR/USDT,0.16199,0.16713,0.1616,0.1665,9768435.0
2023-04-23,DAR/USDT,0.16661,0.1671,0.15941,0.16509,12733620.0
2023-04-24,DAR/USDT,0.16498,0.167,0.16022,0.16453,13006305.0
2023-04-25,DAR/USDT,0.16452,0.17164,0.16012,0.16751,67792026.0
2023-04-26,DAR/USDT,0.1675,0.17785,0.15656,0.16683,26179537.0
2023-04-27,DAR/USDT,0.16673,0.17343,0.16548,0.17156,16436328.0
2023-04-28,DAR/USDT,0.17162,0.17162,0.16513,0.16936,10859241.0
2023-04-29,DAR/USDT,0.16923,0.17426,0.16835,0.17215,10551561.0
2023-04-30,DAR/USDT,0.17206,0.1722,0.16667,0.16757,7500793.0
2023-05-01,DAR/USDT,0.16776,0.16915,0.16033,0.16324,7852179.0
2023-05-02,DAR/USDT,0.16318,0.16391,0.16066,0.16293,7981350.0
2023-05-03,DAR/USDT,0.16302,0.16415,0.15514,0.16334,12650598.0
2023-05-04,DAR/USDT,0.16339,0.16368,0.15807,0.15972,8287847.0
2023-05-05,DAR/USDT,0.1597,0.16431,0.15786,0.163,9335507.0
2023-05-06,DAR/USDT,0.16294,0.16431,0.1539,0.15523,8556779.0
2023-05-07,DAR/USDT,0.15525,0.15689,0.15345,0.15416,5779527.0
2023-05-08,DAR/USDT,0.15416,0.15542,0.13711,0.13949,19815000.0
2023-05-09,DAR/USDT,0.13947,0.14159,0.13581,0.13699,12618471.0
2023-05-10,DAR/USDT,0.13709,0.14217,0.1325,0.14095,20090320.0
2023-05-11,DAR/USDT,0.14098,0.14108,0.12828,0.1294,17330039.0
2023-05-12,DAR/USDT,0.12949,0.13512,0.12617,0.13511,14052879.0
2023-05-13,DAR/USDT,0.13513,0.1354,0.13215,0.13327,8596107.0
2023-05-14,DAR/USDT,0.13324,0.1366,0.13056,0.13509,7108549.0
2023-05-15,DAR/USDT,0.13507,0.1399,0.13265,0.13813,7823692.0
2023-05-16,DAR/USDT,0.13819,0.139,0.13355,0.13682,11569599.0
2023-05-17,DAR/USDT,0.13685,0.14543,0.1348,0.14248,26837807.0
2023-05-18,DAR/USDT,0.14249,0.14271,0.13535,0.14004,11788269.0
2023-05-19,DAR/USDT,0.14007,0.14088,0.13816,0.13957,7764556.0
2023-05-20,DAR/USDT,0.13959,0.14074,0.13781,0.14059,3990813.0
2023-05-21,DAR/USDT,0.14062,0.14105,0.13501,0.13624,6638100.0
2023-05-22,DAR/USDT,0.13624,0.1384,0.13377,0.13771,5598401.0
2023-05-23,DAR/USDT,0.13777,0.14223,0.13652,0.1392,6996641.0
2023-05-24,DAR/USDT,0.13928,0.13928,0.13224,0.13596,8425558.0
2023-05-25,DAR/USDT,0.13596,0.13796,0.1331,0.13686,8067274.0
2023-05-26,DAR/USDT,0.13678,0.13791,0.13507,0.13673,5608496.0
2023-05-27,DAR/USDT,0.13668,0.13747,0.1343,0.13599,6648309.0
2023-05-28,DAR/USDT,0.13602,0.14076,0.13537,0.13856,11793536.0
2023-05-29,DAR/USDT,0.13867,0.13953,0.13541,0.13654,7669440.0
2023-05-30,DAR/USDT,0.13648,0.13712,0.13359,0.13433,6101790.0
2023-05-31,DAR/USDT,0.13426,0.13524,0.12934,0.13162,6643575.0
2023-06-01,DAR/USDT,0.1317,0.13309,0.12829,0.13087,7871905.0
2023-06-02,DAR/USDT,0.13093,0.13427,0.12932,0.13401,6118676.0
2023-06-03,DAR/USDT,0.13399,0.1355,0.13157,0.13275,4797046.0
2023-06-04,DAR/USDT,0.13269,0.14285,0.13109,0.13862,56392424.0
2023-06-05,DAR/USDT,0.13867,0.13915,0.11671,0.11952,34109514.0
2023-06-06,DAR/USDT,0.11953,0.12375,0.11505,0.12244,18252071.0
2023-06-07,DAR/USDT,0.12242,0.12242,0.1095,0.11143,19670948.0
2023-06-08,DAR/USDT,0.11143,0.11437,0.10819,0.11318,12795826.0
2023-06-09,DAR/USDT,0.11316,0.117,0.11128,0.11542,18703088.0
2023-06-10,DAR/USDT,0.1154,0.11551,0.08245,0.09234,47842203.0
2023-06-11,DAR/USDT,0.0923,0.09564,0.09002,0.09224,21460757.0
2023-06-12,DAR/USDT,0.09221,0.0959,0.08796,0.0952,23720749.0
2023-06-13,DAR/USDT,0.09524,0.09771,0.09458,0.097,22356357.0
2023-06-14,DAR/USDT,0.09699,0.09835,0.0916,0.09399,17519821.0
2023-06-15,DAR/USDT,0.09401,0.09695,0.09164,0.09575,14999309.0
2023-06-16,DAR/USDT,0.09577,0.09656,0.09183,0.09644,18430125.0
2023-06-17,DAR/USDT,0.09641,0.09941,0.09524,0.09821,13753372.0
2023-06-18,DAR/USDT,0.09824,0.09924,0.09471,0.09561,11749168.0
2023-06-19,DAR/USDT,0.09557,0.09674,0.09316,0.09565,14082256.0
2023-06-20,DAR/USDT,0.09569,0.09872,0.09279,0.09853,19153124.0
2023-06-21,DAR/USDT,0.09858,0.10629,0.0982,0.1048,25373471.0
2023-06-22,DAR/USDT,0.10491,0.10965,0.10293,0.10339,26468372.0
2023-06-23,DAR/USDT,0.10337,0.11099,0.10311,0.10862,22042473.0
2023-06-24,DAR/USDT,0.10861,0.11027,0.10552,0.10845,16706294.0
2023-06-25,DAR/USDT,0.10845,0.1127,0.10833,0.1109,17654547.0
2023-06-26,DAR/USDT,0.11086,0.11258,0.10506,0.10679,23337745.0
2023-06-27,DAR/USDT,0.10675,0.11017,0.10638,0.10769,14503412.0
2023-06-28,DAR/USDT,0.10767,0.10775,0.09539,0.09863,20966988.0
2023-06-29,DAR/USDT,0.09861,0.10213,0.09842,0.09985,14151438.0
2023-06-30,DAR/USDT,0.09986,0.10698,0.09544,0.10614,26290206.0
2023-07-01,DAR/USDT,0.10622,0.1105,0.10479,0.11004,18826812.0
2023-07-02,DAR/USDT,0.1101,0.11057,0.10528,0.10911,16332285.0
2023-07-03,DAR/USDT,0.10911,0.1125,0.10809,0.11183,16627505.0
2023-07-04,DAR/USDT,0.11185,0.11265,0.108,0.11089,18513868.0
2023-07-05,DAR/USDT,0.11085,0.11597,0.1053,0.10577,29978685.0
2023-07-06,DAR/USDT,0.10574,0.1103,0.10068,0.10103,20318162.0
2023-07-07,DAR/USDT,0.10085,0.10218,0.09958,0.10174,17068161.0
2023-07-08,DAR/USDT,0.10167,0.10317,0.0987,0.10123,12586550.0
2023-07-09,DAR/USDT,0.10125,0.10178,0.09906,0.09948,9492148.0
2023-07-10,DAR/USDT,0.09951,0.10148,0.09562,0.09932,17646089.0
2023-07-11,DAR/USDT,0.09935,0.10112,0.09806,0.10021,14451353.0
2023-07-12,DAR/USDT,0.10027,0.10117,0.09758,0.09904,12505618.0
2023-07-13,DAR/USDT,0.09907,0.11131,0.0969,0.11018,25131573.0
2023-07-14,DAR/USDT,0.11022,0.11355,0.10235,0.10769,28370131.0
2023-07-15,DAR/USDT,0.10773,0.10985,0.10547,0.10649,13518739.0
2023-07-16,DAR/USDT,0.10647,0.10699,0.1019,0.10258,13522712.0
2023-07-17,DAR/USDT,0.10256,0.10615,0.10037,0.1047,24503023.0
2023-07-18,DAR/USDT,0.10473,0.1057,0.09936,0.10019,20987883.0
2023-07-19,DAR/USDT,0.1002,0.10361,0.09928,0.10141,40080825.0
2023-07-20,DAR/USDT,0.10149,0.12206,0.101,0.10403,213263523.0
2023-07-21,DAR/USDT,0.10404,0.10433,0.1004,0.10121,31707455.0
2023-07-22,DAR/USDT,0.10124,0.10263,0.09827,0.09998,18530254.0
2023-07-23,DAR/USDT,0.09992,0.10295,0.09788,0.10241,13887315.0
2023-07-24,DAR/USDT,0.10235,0.10284,0.09565,0.09825,19537819.0
2023-07-25,DAR/USDT,0.09823,0.0989,0.09641,0.09777,11169712.0
2023-07-26,DAR/USDT,0.09779,0.10231,0.0962,0.10031,20957891.0
2023-07-27,DAR/USDT,0.10019,0.10186,0.09893,0.10035,11747248.0
2023-07-28,DAR/USDT,0.10028,0.10225,0.09986,0.10179,7840913.0
2023-07-29,DAR/USDT,0.10177,0.10177,0.10026,0.10141,6297835.0
2023-07-30,DAR/USDT,0.10142,0.10181,0.09742,0.09895,9225765.0
2023-07-31,DAR/USDT,0.09894,0.10313,0.097,0.09873,27628343.0
2023-08-01,DAR/USDT,0.09863,0.10207,0.09585,0.10091,28132522.0
2023-08-02,DAR/USDT,0.10101,0.10141,0.0975,0.09834,13883229.0
2023-08-03,DAR/USDT,0.09838,0.09917,0.0975,0.09826,9007417.0
2023-08-04,DAR/USDT,0.09823,0.10018,0.0978,0.09965,14548892.0
2023-08-05,DAR/USDT,0.09962,0.10272,0.09852,0.10232,29029528.0
2023-08-06,DAR/USDT,0.10229,0.11654,0.10201,0.10943,119501687.0
2023-08-07,DAR/USDT,0.10942,0.12699,0.10366,0.10694,133561253.0
2023-08-08,DAR/USDT,0.1069,0.10869,0.10554,0.10794,21300559.0
2023-08-09,DAR/USDT,0.10794,0.10851,0.10619,0.10799,13560378.0
2023-08-10,DAR/USDT,0.10802,0.11197,0.10606,0.10671,23003825.0
2023-08-11,DAR/USDT,0.10667,0.10882,0.10629,0.10803,11986849.0
2023-08-12,DAR/USDT,0.10803,0.1091,0.107,0.10713,8630953.0
2023-08-13,DAR/USDT,0.10713,0.1072,0.10359,0.10438,14238340.0
2023-08-14,DAR/USDT,0.10432,0.1067,0.10235,0.10531,12064817.0
2023-08-15,DAR/USDT,0.10543,0.10628,0.093,0.09845,23427256.0
2023-08-16,DAR/USDT,0.09834,0.09862,0.08868,0.09081,20637876.0
2023-08-17,DAR/USDT,0.09088,0.09248,0.07102,0.08042,37648786.0
2023-08-18,DAR/USDT,0.08042,0.08302,0.08,0.08255,25212485.0
2023-08-19,DAR/USDT,0.08252,0.08434,0.0817,0.08376,12347120.0
2023-08-20,DAR/USDT,0.08372,0.08457,0.08242,0.08386,14715002.0
2023-08-21,DAR/USDT,0.08376,0.08397,0.08002,0.08229,14700939.0
2023-08-22,DAR/USDT,0.08226,0.08275,0.07739,0.08176,18777347.0
2023-08-23,DAR/USDT,0.08182,0.08479,0.08149,0.08377,33002273.0
2023-08-24,DAR/USDT,0.08381,0.08403,0.08114,0.08165,13593939.0
2023-08-25,DAR/USDT,0.08164,0.08192,0.07927,0.08192,15566604.0
2023-08-26,DAR/USDT,0.08184,0.08225,0.08027,0.08044,6251655.0
2023-08-27,DAR/USDT,0.08044,0.081,0.07953,0.08072,7374351.0
2023-08-28,DAR/USDT,0.08082,0.08267,0.07852,0.08167,14863644.0
2023-08-29,DAR/USDT,0.08166,0.08611,0.079,0.08545,24817693.0
2023-08-30,DAR/USDT,0.08545,0.0866,0.0836,0.08501,22692817.0
2023-08-31,DAR/USDT,0.08491,0.08967,0.08009,0.08274,53214637.0
2023-09-01,DAR/USDT,0.08269,0.08381,0.08082,0.08127,19553749.0
2023-09-02,DAR/USDT,0.08129,0.08199,0.07938,0.07983,22760589.0
2023-09-03,DAR/USDT,0.07984,0.08452,0.07922,0.08325,35025172.0
2023-09-04,DAR/USDT,0.08323,0.08875,0.08164,0.08294,35921262.0
2023-09-05,DAR/USDT,0.08286,0.08809,0.082,0.0863,33032146.0
2023-09-06,DAR/USDT,0.08629,0.08799,0.08368,0.08759,21101087.0
2023-09-07,DAR/USDT,0.0875,0.09126,0.08171,0.09093,30494705.0
2023-09-08,DAR/USDT,0.09088,0.09127,0.08526,0.08721,30045682.0
2023-09-09,DAR/USDT,0.08718,0.0956,0.08705,0.0915,45073495.0
2023-09-10,DAR/USDT,0.09148,0.09166,0.08261,0.08548,28311299.0
2023-09-11,DAR/USDT,0.08544,0.08681,0.0791,0.08124,23445416.0
2023-09-12,DAR/USDT,0.08115,0.08676,0.08089,0.08352,24077363.0
2023-09-13,DAR/USDT,0.0836,0.08796,0.08335,0.08596,15449009.0
2023-09-14,DAR/USDT,0.08602,0.08842,0.0848,0.0872,12392917.0
2023-09-15,DAR/USDT,0.0872,0.0901,0.08606,0.08998,12106959.0
2023-09-16,DAR/USDT,0.09001,0.09214,0.08804,0.09074,14676370.0
2023-09-17,DAR/USDT,0.09067,0.09071,0.08387,0.08541,17317672.0
2023-09-18,DAR/USDT,0.08532,0.08883,0.08392,0.0856,15492957.0
2023-09-19,DAR/USDT,0.08555,0.08996,0.08405,0.08776,15739867.0
2023-09-20,DAR/USDT,0.08778,0.08879,0.08541,0.08802,9295130.0
2023-09-21,DAR/USDT,0.0879,0.0893,0.08343,0.08532,11913788.0
2023-09-22,DAR/USDT,0.08527,0.08738,0.08369,0.08716,9141230.0
2023-09-23,DAR/USDT,0.08716,0.08821,0.08431,0.08681,12478141.0
2023-09-24,DAR/USDT,0.08674,0.08681,0.0824,0.08341,8300655.0
2023-09-25,DAR/USDT,0.08337,0.08693,0.08248,0.08387,65791712.0
2023-09-26,DAR/USDT,0.08389,0.08492,0.082,0.08333,16895995.0
2023-09-27,DAR/USDT,0.08329,0.08454,0.08159,0.0829,9693835.0
2023-09-28,DAR/USDT,0.08292,0.0854,0.08216,0.08512,13670368.0
2023-09-29,DAR/USDT,0.08512,0.08642,0.08408,0.08579,13856757.0
2023-09-30,DAR/USDT,0.08584,0.09265,0.08576,0.08849,67444797.0
2023-10-01,DAR/USDT,0.08849,0.09757,0.08811,0.09677,50539656.0
2023-10-02,DAR/USDT,0.09676,0.09819,0.09142,0.09456,25319616.0
2023-10-03,DAR/USDT,0.09463,0.09839,0.08977,0.09035,44951966.0
2023-10-04,DAR/USDT,0.09037,0.0905,0.08588,0.08967,23128047.0
2023-10-05,DAR/USDT,0.08971,0.08978,0.08669,0.08705,12410413.0
2023-10-06,DAR/USDT,0.08706,0.08935,0.08671,0.08836,9488215.0
2023-10-07,DAR/USDT,0.08838,0.08866,0.08601,0.0869,7478946.0
2023-10-08,DAR/USDT,0.0869,0.0871,0.08433,0.08538,8019573.0
2023-10-09,DAR/USDT,0.08534,0.08602,0.07944,0.08114,12610343.0
2023-10-10,DAR/USDT,0.08114,0.08217,0.0784,0.07997,11790667.0
2023-10-11,DAR/USDT,0.07997,0.08038,0.0776,0.0798,11467633.0
2023-10-12,DAR/USDT,0.07979,0.08086,0.0777,0.08044,18763249.0
2023-10-13,DAR/USDT,0.08049,0.08151,0.07925,0.08035,13848279.0
2023-10-14,DAR/USDT,0.08038,0.08107,0.0799,0.08049,6442823.0
2023-10-15,DAR/USDT,0.08043,0.08198,0.07988,0.08133,9911580.0
2023-10-16,DAR/USDT,0.08131,0.08564,0.08131,0.08336,17881625.0
2023-10-17,DAR/USDT,0.08335,0.08345,0.07852,0.07896,10539088.0
2023-10-18,DAR/USDT,0.07891,0.08034,0.07758,0.07759,7819746.0
2023-10-19,DAR/USDT,0.07763,0.07793,0.07561,0.07725,8898661.0
2023-10-20,DAR/USDT,0.07728,0.08167,0.07676,0.08012,13780303.0
2023-10-21,DAR/USDT,0.08009,0.08433,0.07965,0.0833,10735770.0
2023-10-22,DAR/USDT,0.08329,0.08753,0.08292,0.0859,34863112.0
2023-10-23,DAR/USDT,0.08589,0.09017,0.08434,0.08905,25762126.0
2023-10-24,DAR/USDT,0.08914,0.09364,0.0867,0.09093,36811891.0
2023-10-25,DAR/USDT,0.09093,0.09406,0.08812,0.09216,24501369.0
2023-10-26,DAR/USDT,0.09216,0.09556,0.08728,0.09216,24320795.0
2023-10-27,DAR/USDT,0.09222,0.0935,0.08927,0.0916,14708321.0
2023-10-28,DAR/USDT,0.09161,0.09423,0.09144,0.09374,8659812.0
2023-10-29,DAR/USDT,0.09367,0.10215,0.0918,0.10061,25107489.0
2023-10-30,DAR/USDT,0.10058,0.105,0.09915,0.10273,28298281.0
2023-10-31,DAR/USDT,0.10272,0.10335,0.0933,0.0968,18248296.0
2023-11-01,DAR/USDT,0.0967,0.10325,0.09349,0.10231,24301629.0
2023-11-02,DAR/USDT,0.1024,0.10368,0.09572,0.09757,15719866.0
2023-11-03,DAR/USDT,0.09749,0.10067,0.09293,0.10037,17344024.0
2023-11-04,DAR/USDT,0.10041,0.10198,0.099,0.10112,12777594.0
2023-11-05,DAR/USDT,0.10116,0.10764,0.10041,0.10431,31027650.0
2023-11-06,DAR/USDT,0.10442,0.10974,0.10329,0.10743,30065992.0
2023-11-07,DAR/USDT,0.10743,0.10821,0.10028,0.1045,23481725.0
2023-11-08,DAR/USDT,0.10436,0.1239,0.10307,0.11496,77196955.0
2023-11-09,DAR/USDT,0.11503,0.11711,0.09464,0.10764,68233631.0
2023-11-10,DAR/USDT,0.1077,0.1148,0.10556,0.11444,36589528.0
2023-11-11,DAR/USDT,0.11439,0.11798,0.1095,0.11623,32374128.0
2023-11-12,DAR/USDT,0.1162,0.12355,0.11068,0.12009,50115753.0
2023-11-13,DAR/USDT,0.12024,0.1265,0.11493,0.11676,35047470.0
2023-11-14,DAR/USDT,0.11693,0.12092,0.10951,0.1156,30827657.0
2023-11-15,DAR/USDT,0.11564,0.12346,0.11552,0.12192,22498886.0
2023-11-16,DAR/USDT,0.12192,0.12526,0.11212,0.11409,24598949.0
2023-11-17,DAR/USDT,0.11399,0.11776,0.106,0.11151,20239221.0
2023-11-18,DAR/USDT,0.11141,0.11146,0.10434,0.10991,11569271.0
2023-11-19,DAR/USDT,0.10993,0.11248,0.10675,0.1118,11659048.0
2023-11-20,DAR/USDT,0.11187,0.11568,0.10992,0.11214,17350911.0
2023-11-21,DAR/USDT,0.11207,0.11502,0.09844,0.09878,29469903.0
2023-11-22,DAR/USDT,0.09878,0.10668,0.09847,0.10565,18040097.0
2023-11-23,DAR/USDT,0.10573,0.10677,0.10259,0.10526,12685187.0
2023-11-24,DAR/USDT,0.10526,0.13799,0.10478,0.1289,214111565.0
2023-11-25,DAR/USDT,0.12892,0.1348,0.12268,0.12634,119982755.0
2023-11-26,DAR/USDT,0.12636,0.13438,0.12288,0.12837,52939739.0
2023-11-27,DAR/USDT,0.12844,0.13071,0.11806,0.12082,23374856.0
2023-11-28,DAR/USDT,0.12083,0.12314,0.116,0.12045,16362472.0
2023-11-29,DAR/USDT,0.12044,0.12138,0.11516,0.11762,11720623.0
2023-11-30,DAR/USDT,0.11761,0.11998,0.11646,0.1175,9156485.0
2023-12-01,DAR/USDT,0.11752,0.12034,0.11642,0.11946,8594534.0
2023-12-02,DAR/USDT,0.11943,0.12846,0.11926,0.12687,13743222.0
2023-12-03,DAR/USDT,0.12693,0.13141,0.12539,0.12669,19148487.0
2023-12-04,DAR/USDT,0.12672,0.13429,0.11633,0.13319,25128547.0
2023-12-05,DAR/USDT,0.13319,0.13751,0.13083,0.13329,23497356.0
2023-12-06,DAR/USDT,0.13328,0.13415,0.12488,0.12817,24915364.0
2023-12-07,DAR/USDT,0.12814,0.14977,0.12753,0.13465,75795470.0
2023-12-08,DAR/USDT,0.13464,0.14164,0.13433,0.13916,32378691.0
2023-12-09,DAR/USDT,0.13916,0.14374,0.136,0.1364,20936331.0
2023-12-10,DAR/USDT,0.13649,0.13965,0.13235,0.13824,11125465.0
2023-12-11,DAR/USDT,0.1383,0.13908,0.11748,0.1273,22619080.0
2023-12-12,DAR/USDT,0.1273,0.13316,0.12684,0.13291,15492547.0
2023-12-13,DAR/USDT,0.13298,0.13626,0.1244,0.13545,18176321.0
2023-12-14,DAR/USDT,0.13536,0.14655,0.132,0.1429,23385879.0
2023-12-15,DAR/USDT,0.14295,0.1475,0.13929,0.14079,22977438.0
2023-12-16,DAR/USDT,0.14077,0.14678,0.13847,0.14313,14015477.0
2023-12-17,DAR/USDT,0.14326,0.15421,0.13666,0.14092,25514479.0
2023-12-18,DAR/USDT,0.14096,0.1419,0.12512,0.1338,20522795.0
2023-12-19,DAR/USDT,0.13382,0.1374,0.13121,0.13351,15925112.0
2023-12-20,DAR/USDT,0.13348,0.14534,0.13235,0.14227,17975676.0
2023-12-21,DAR/USDT,0.14227,0.14883,0.14016,0.14593,20309086.0
2023-12-22,DAR/USDT,0.14591,0.15039,0.1439,0.14827,18527119.0
2023-12-23,DAR/USDT,0.14827,0.1539,0.14364,0.15221,16409001.0
2023-12-24,DAR/USDT,0.1522,0.15655,0.1467,0.15136,21576399.0
2023-12-25,DAR/USDT,0.15142,0.16535,0.14951,0.15832,27632772.0
2023-12-26,DAR/USDT,0.15837,0.18928,0.15323,0.17369,61581356.0
2023-12-27,DAR/USDT,0.17369,0.17697,0.16354,0.17323,28204406.0
2023-12-28,DAR/USDT,0.17325,0.1771,0.15534,0.15877,20003594.0
2023-12-29,DAR/USDT,0.15877,0.16275,0.14851,0.15288,15611026.0
2023-12-30,DAR/USDT,0.15291,0.15499,0.14804,0.14874,14417459.0
2023-12-31,DAR/USDT,0.14876,0.15642,0.14651,0.15041,14249843.0
2024-01-01,DAR/USDT,0.15033,0.1548,0.14607,0.15302,13425282.0
2024-01-02,DAR/USDT,0.15314,0.15718,0.145,0.14663,17706131.0
2024-01-03,DAR/USDT,0.14659,0.15438,0.11538,0.13178,38722226.0
2024-01-04,DAR/USDT,0.1318,0.13906,0.12986,0.13568,17504953.0
2024-01-05,DAR/USDT,0.13576,0.1383,0.1246,0.13262,17880487.0
2024-01-06,DAR/USDT,0.13258,0.13263,0.12,0.12689,18770661.0
2024-01-07,DAR/USDT,0.1269,0.12961,0.11602,0.1168,16058487.0
2024-01-08,DAR/USDT,0.11677,0.12539,0.10657,0.12408,26187935.0
2024-01-09,DAR/USDT,0.12401,0.12401,0.11044,0.11618,17034650.0
2024-01-10,DAR/USDT,0.11629,0.12987,0.1137,0.1268,18169049.0
2024-01-11,DAR/USDT,0.1269,0.13341,0.12556,0.13186,15358834.0
2024-01-12,DAR/USDT,0.13198,0.13426,0.12023,0.12497,20415797.0
2024-01-13,DAR/USDT,0.12494,0.12878,0.12045,0.12704,13520274.0
2024-01-14,DAR/USDT,0.12699,0.12724,0.11885,0.11929,13517019.0
2024-01-15,DAR/USDT,0.11935,0.12643,0.11918,0.12303,13808767.0
2024-01-16,DAR/USDT,0.12307,0.1281,0.12195,0.12692,18047297.0
2024-01-17,DAR/USDT,0.12695,0.12894,0.12248,0.12439,12688125.0
2024-01-18,DAR/USDT,0.12442,0.12492,0.11358,0.11596,12110934.0
2024-01-19,DAR/USDT,0.11592,0.11984,0.10661,0.11629,23147688.0
2024-01-20,DAR/USDT,0.11622,0.12408,0.11372,0.12044,24906212.0
2024-01-21,DAR/USDT,0.12048,0.13046,0.11911,0.12302,35123022.0
2024-01-22,DAR/USDT,0.12304,0.1242,0.11343,0.11396,18706060.0
2024-01-23,DAR/USDT,0.11405,0.11705,0.10546,0.1117,19067059.0
2024-01-24,DAR/USDT,0.1117,0.11998,0.10943,0.11577,25722418.0
2024-01-25,DAR/USDT,0.11579,0.11605,0.11062,0.11415,10751116.0
2024-01-26,DAR/USDT,0.11406,0.1203,0.11298,0.11845,8676859.0
2024-01-27,DAR/USDT,0.11849,0.11925,0.11611,0.11901,5412795.0
2024-01-28,DAR/USDT,0.11891,0.12007,0.11565,0.11718,6686840.0
2024-01-29,DAR/USDT,0.11695,0.12065,0.11452,0.1203,9841813.0
2024-01-30,DAR/USDT,0.12032,0.12196,0.11644,0.11728,12776568.0
2024-01-31,DAR/USDT,0.11723,0.1182,0.11061,0.11155,14663925.0
2024-02-01,DAR/USDT,0.11164,0.11466,0.10917,0.11104,15934273.0
2024-02-02,DAR/USDT,0.11105,0.1128,0.10827,0.11243,7263641.0
2024-02-03,DAR/USDT,0.1124,0.11324,0.11003,0.11045,5761361.0
2024-02-04,DAR/USDT,0.11038,0.11061,0.10333,0.1051,8225239.0
2024-02-05,DAR/USDT,0.10514,0.10762,0.10309,0.10503,8916405.0
2024-02-06,DAR/USDT,0.10507,0.10667,0.10369,0.10528,5304772.0
2024-02-07,DAR/USDT,0.10524,0.11222,0.10508,0.11108,14060109.0
2024-02-08,DAR/USDT,0.11109,0.1148,0.11021,0.11299,8426522.0
2024-02-09,DAR/USDT,0.11298,0.11717,0.11298,0.11601,8510653.0
2024-02-10,DAR/USDT,0.11601,0.11733,0.11359,0.11646,11133556.0
2024-02-11,DAR/USDT,0.11641,0.12138,0.11591,0.11794,13161559.0
2024-02-12,DAR/USDT,0.11802,0.13604,0.11553,0.1267,59868712.0
2024-02-13,DAR/USDT,0.12669,0.1555,0.12643,0.13266,167219671.0
2024-02-14,DAR/USDT,0.13262,0.13981,0.13035,0.13978,42189314.0
2024-02-15,DAR/USDT,0.13978,0.1443,0.13701,0.14206,26782701.0
2024-02-16,DAR/USDT,0.1421,0.15039,0.13999,0.14571,26659827.0
2024-02-17,DAR/USDT,0.14576,0.153,0.1384,0.15068,28357059.0
2024-02-18,DAR/USDT,0.15068,0.15474,0.148,0.15024,19318412.0
2024-02-19,DAR/USDT,0.1502,0.15537,0.14653,0.15384,20587344.0
2024-02-20,DAR/USDT,0.15394,0.15888,0.14335,0.15357,21953986.0
2024-02-21,DAR/USDT,0.15375,0.154,0.13687,0.14482,16295870.0
2024-02-22,DAR/USDT,0.14485,0.16392,0.14113,0.15125,22028983.0
2024-02-23,DAR/USDT,0.15121,0.15587,0.14526,0.15106,12174659.0
2024-02-24,DAR/USDT,0.15124,0.15929,0.14894,0.15648,9087572.0
2024-02-25,DAR/USDT,0.15654,0.16271,0.15547,0.16231,13145852.0
2024-02-26,DAR/USDT,0.16232,0.25364,0.16089,0.23674,306883990.0
2024-02-27,DAR/USDT,0.23667,0.24074,0.20298,0.21019,90320501.0
2024-02-28,DAR/USDT,0.21012,0.2205,0.17041,0.19803,60032031.0
2024-02-29,DAR/USDT,0.19802,0.20695,0.18759,0.19434,24799404.0
2024-03-01,DAR/USDT,0.19431,0.20722,0.19414,0.20527,21211388.0
2024-03-02,DAR/USDT,0.20532,0.22151,0.20134,0.2187,31391936.0
2024-03-03,DAR/USDT,0.21857,0.23,0.19185,0.21409,34692913.0
2024-03-04,DAR/USDT,0.21415,0.22943,0.20565,0.22048,51093053.0
2024-03-05,DAR/USDT,0.22073,0.23039,0.164,0.19033,55974115.0
2024-03-06,DAR/USDT,0.19054,0.20883,0.1848,0.20244,27458010.0
2024-03-07,DAR/USDT,0.20253,0.23449,0.19671,0.22842,40787039.0
2024-03-08,DAR/USDT,0.22841,0.23442,0.2,0.22176,37353411.0
2024-03-09,DAR/USDT,0.22168,0.25837,0.21918,0.24193,53584125.0
2024-03-10,DAR/USDT,0.24188,0.299,0.23544,0.25657,106636458.0
2024-03-11,DAR/USDT,0.25657,0.26999,0.23705,0.26509,37532927.0
2024-03-12,DAR/USDT,0.2652,0.2752,0.24655,0.27267,31884969.0
2024-03-13,DAR/USDT,0.27273,0.29929,0.27058,0.28184,28022189.0
2024-03-14,DAR/USDT,0.28196,0.28591,0.25205,0.26901,28455662.0
2024-03-15,DAR/USDT,0.26906,0.27254,0.22857,0.25488,30300010.0
2024-03-16,DAR/USDT,0.25514,0.26913,0.22154,0.22834,27163469.0
2024-03-17,DAR/USDT,0.22855,0.24157,0.208,0.23874,14512178.0
2024-03-18,DAR/USDT,0.23881,0.24323,0.2135,0.2184,14733054.0
2024-03-19,DAR/USDT,0.21832,0.22145,0.188,0.19581,25670829.0
2024-03-20,DAR/USDT,0.19549,0.22149,0.18697,0.22057,21750446.0
2024-03-21,DAR/USDT,0.22063,0.22789,0.21613,0.22311,13274917.0
2024-03-22,DAR/USDT,0.22306,0.22941,0.20866,0.21766,21215768.0
2024-03-23,DAR/USDT,0.21763,0.2496,0.21333,0.23416,40373616.0
2024-03-24,DAR/USDT,0.23411,0.24132,0.22358,0.23826,27558630.0
2024-03-25,DAR/USDT,0.23814,0.25751,0.23357,0.24803,25120401.0
2024-03-26,DAR/USDT,0.24793,0.2754,0.24726,0.26346,49631037.0
2024-03-27,DAR/USDT,0.26359,0.27004,0.24947,0.25729,20989086.0
2024-03-28,DAR/USDT,0.25718,0.26748,0.24964,0.25799,25015241.0
2024-03-29,DAR/USDT,0.25821,0.27437,0.25332,0.27076,24023485.0
2024-03-30,DAR/USDT,0.27085,0.27085,0.25,0.25255,18703571.0
2024-03-31,DAR/USDT,0.25243,0.26119,0.24999,0.25775,9782585.0
2024-04-01,DAR/USDT,0.25762,0.26446,0.23205,0.23927,17537376.0
2024-04-02,DAR/USDT,0.23922,0.23943,0.21438,0.2196,27053100.0
2024-04-03,DAR/USDT,0.21948,0.22411,0.20912,0.21459,21265025.0
2024-04-04,DAR/USDT,0.21433,0.23282,0.20965,0.22358,15608985.0
2024-04-05,DAR/USDT,0.22373,0.2253,0.207,0.21907,13810769.0
2024-04-06,DAR/USDT,0.21891,0.22488,0.21762,0.22158,9640628.0
2024-04-07,DAR/USDT,0.22157,0.2347,0.22083,0.22763,15696948.0
2024-04-08,DAR/USDT,0.22752,0.25673,0.22228,0.24917,35765553.0
2024-04-09,DAR/USDT,0.24909,0.25165,0.23291,0.23498,17234818.0
2024-04-10,DAR/USDT,0.23466,0.23812,0.21657,0.23037,13649198.0
2024-04-11,DAR/USDT,0.23057,0.23292,0.22253,0.22618,9556368.0
2024-04-12,DAR/USDT,0.2262,0.23278,0.165,0.17453,24619829.0
2024-04-13,DAR/USDT,0.17453,0.18154,0.12359,0.1447,59757677.0
2024-04-14,DAR/USDT,0.14473,0.15596,0.13651,0.15386,41088913.0
2024-04-15,DAR/USDT,0.15383,0.16312,0.14187,0.14807,22023081.0
2024-04-16,DAR/USDT,0.14799,0.15295,0.13977,0.15066,16766044.0
2024-04-17,DAR/USDT,0.15065,0.1548,0.14161,0.1507,22074201.0
2024-04-18,DAR/USDT,0.15062,0.15687,0.1459,0.15338,21413928.0
2024-04-19,DAR/USDT,0.15323,0.15986,0.14124,0.15512,18019259.0
2024-04-20,DAR/USDT,0.15513,0.16912,0.15235,0.16796,11272776.0
2024-04-21,DAR/USDT,0.16815,0.16984,0.15952,0.16494,7973379.0
2024-04-22,DAR/USDT,0.16503,0.17293,0.16428,0.17109,10412375.0
2024-04-23,DAR/USDT,0.17109,0.17771,0.16724,0.17397,14888361.0
2024-04-24,DAR/USDT,0.17388,0.1799,0.15976,0.16223,15988627.0
2024-04-25,DAR/USDT,0.16224,0.16683,0.15721,0.16335,8737844.0
2024-04-26,DAR/USDT,0.16331,0.16452,0.15646,0.15828,10302172.0
2024-04-27,DAR/USDT,0.15835,0.16621,0.15016,0.16143,15065840.0
2024-04-28,DAR/USDT,0.16139,0.16446,0.15468,0.15535,12504530.0
2024-04-29,DAR/USDT,0.15535,0.15657,0.14537,0.14787,26367535.0
2024-04-30,DAR/USDT,0.14803,0.14959,0.13066,0.13614,20882501.0
2024-05-01,DAR/USDT,0.13614,0.14035,0.12749,0.138,16678229.0
2024-05-02,DAR/USDT,0.13798,0.14398,0.1336,0.14214,13374774.0
2024-05-03,DAR/USDT,0.14201,0.15191,0.13897,0.14952,11160138.0
2024-05-04,DAR/USDT,0.14946,0.15271,0.14781,0.14978,9486163.0
2024-05-05,DAR/USDT,0.14975,0.16022,0.14681,0.15504,11402772.0
2024-05-06,DAR/USDT,0.15508,0.15884,0.14871,0.14971,12977366.0
2024-05-07,DAR/USDT,0.14962,0.15357,0.14601,0.14624,10788522.0
2024-05-08,DAR/USDT,0.14618,0.15259,0.14186,0.14567,11989288.0
2024-05-09,DAR/USDT,0.14569,0.15279,0.14154,0.15127,9256059.0
2024-05-10,DAR/USDT,0.15127,0.15724,0.14239,0.14579,14328489.0
2024-05-11,DAR/USDT,0.14564,0.14898,0.14186,0.14235,7929692.0
2024-05-12,DAR/USDT,0.14234,0.14468,0.13863,0.1397,9226426.0
2024-05-13,DAR/USDT,0.13968,0.14314,0.13011,0.1378,11012210.0
2024-05-14,DAR/USDT,0.13789,0.13905,0.13206,0.13263,10535422.0
2024-05-15,DAR/USDT,0.13263,0.14632,0.13197,0.14554,11653091.0
2024-05-16,DAR/USDT,0.14543,0.14764,0.13766,0.14315,10566086.0
2024-05-17,DAR/USDT,0.14318,0.14979,0.14165,0.14779,5349757.0
2024-05-18,DAR/USDT,0.1478,0.14931,0.14367,0.14641,4776948.0
2024-05-19,DAR/USDT,0.14643,0.14821,0.13848,0.13939,4728658.0
2024-05-20,DAR/USDT,0.13934,0.15706,0.1363,0.1568,12542663.0
2024-05-21,DAR/USDT,0.1569,0.1612,0.15411,0.15466,14766569.0
2024-05-22,DAR/USDT,0.15458,0.1556,0.14864,0.15117,9496038.0
2024-05-23,DAR/USDT,0.1512,0.15566,0.13998,0.14912,11535017.0
2024-05-24,DAR/USDT,0.14905,0.16085,0.14391,0.15849,21838271.0
2024-05-25,DAR/USDT,0.15847,0.17853,0.15827,0.16355,43355690.0
2024-05-26,DAR/USDT,0.16332,0.16394,0.1572,0.15914,8869029.0
2024-05-27,DAR/USDT,0.15904,0.19148,0.15902,0.18716,36610877.0
2024-05-28,DAR/USDT,0.18735,0.2,0.17161,0.17662,80518550.0
2024-05-29,DAR/USDT,0.17664,0.182,0.17128,0.17182,19184741.0
2024-05-30,DAR/USDT,0.17182,0.17831,0.16706,0.16998,12486832.0
2024-05-31,DAR/USDT,0.16983,0.184,0.1676,0.17951,26971485.0
2024-06-01,DAR/USDT,0.17936,0.1865,0.1767,0.17943,17023249.0
2024-06-02,DAR/USDT,0.1792,0.18334,0.169,0.1705,12575341.0
2024-06-03,DAR/USDT,0.17038,0.22672,0.17026,0.19962,161568662.0
2024-06-04,DAR/USDT,0.1995,0.20088,0.19166,0.19871,47823641.0
2024-06-05,DAR/USDT,0.19898,0.20957,0.19603,0.19662,20517983.0
2024-06-06,DAR/USDT,0.19676,0.19811,0.18918,0.19195,11016366.0
2024-06-07,DAR/USDT,0.1919,0.19308,0.15262,0.16967,18201701.0
2024-06-08,DAR/USDT,0.16966,0.17416,0.15927,0.16081,10969835.0
2024-06-09,DAR/USDT,0.16075,0.16763,0.159,0.16568,11139213.0
2024-06-10,DAR/USDT,0.16568,0.16659,0.15817,0.1589,9103888.0
2024-06-11,DAR/USDT,0.15883,0.15965,0.14811,0.15053,13547507.0
2024-06-12,DAR/USDT,0.15053,0.1621,0.14723,0.15573,12349580.0
2024-06-13,DAR/USDT,0.15586,0.15664,0.14553,0.14709,8159707.0
2024-06-14,DAR/USDT,0.14729,0.1516,0.13766,0.142,12676361.0
2024-06-15,DAR/USDT,0.14201,0.14483,0.1406,0.14178,6039609.0
2024-06-16,DAR/USDT,0.14188,0.14331,0.13877,0.14226,4972431.0
2024-06-17,DAR/USDT,0.14218,0.14435,0.12621,0.12868,14842941.0
2024-06-18,DAR/USDT,0.12889,0.12956,0.11134,0.11881,22403389.0
2024-06-19,DAR/USDT,0.11878,0.12876,0.11733,0.12772,19560467.0
2024-06-20,DAR/USDT,0.12772,0.12984,0.12163,0.12319,13271550.0
2024-06-21,DAR/USDT,0.12319,0.12596,0.12054,0.12239,10954182.0
2024-06-22,DAR/USDT,0.12247,0.12336,0.1192,0.12129,6064777.0
2024-06-23,DAR/USDT,0.1213,0.12429,0.11571,0.11681,6650717.0
2024-06-24,DAR/USDT,0.11681,0.12075,0.11072,0.12048,14049632.0
2024-06-25,DAR/USDT,0.12049,0.12639,0.12021,0.12426,7901872.0
2024-06-26,DAR/USDT,0.12425,0.12662,0.11991,0.12125,6452897.0
2024-06-27,DAR/USDT,0.12121,0.12675,0.1181,0.12581,7079417.0
2024-06-28,DAR/USDT,0.12581,0.1268,0.12065,0.12129,6247133.0
2024-06-29,DAR/USDT,0.1212,0.12321,0.11728,0.1178,4777569.0
2024-06-30,DAR/USDT,0.11801,0.12625,0.11614,0.12546,5483601.0
2024-07-01,DAR/USDT,0.12559,0.12881,0.12301,0.12459,5475670.0
2024-07-02,DAR/USDT,0.12475,0.12594,0.12016,0.12387,4675800.0
2024-07-03,DAR/USDT,0.12388,0.12537,0.11705,0.11863,6175679.0
2024-07-04,DAR/USDT,0.1186,0.11995,0.10563,0.10662,9605892.0
2024-07-05,DAR/USDT,0.10663,0.10699,0.09196,0.10349,22614087.0
2024-07-06,DAR/USDT,0.1036,0.11578,0.10237,0.11402,9688200.0
2024-07-07,DAR/USDT,0.11403,0.11487,0.1067,0.10757,7490288.0
2024-07-08,DAR/USDT,0.10759,0.12539,0.10315,0.11121,28575073.0
2024-07-09,DAR/USDT,0.11121,0.11617,0.11071,0.11529,6260964.0
2024-07-10,DAR/USDT,0.11533,0.11847,0.11306,0.11519,6244977.0
2024-07-11,DAR/USDT,0.11509,0.12022,0.1139,0.11434,6462323.0
2024-07-12,DAR/USDT,0.11433,0.11762,0.11169,0.11753,5315493.0
2024-07-13,DAR/USDT,0.11744,0.1185,0.11531,0.11707,4229261.0
2024-07-14,DAR/USDT,0.11727,0.17723,0.11727,0.16429,128898198.0
2024-07-15,DAR/USDT,0.16426,0.1815,0.15357,0.1684,227552281.0
2024-07-16,DAR/USDT,0.16839,0.1805,0.1585,0.1609,66824258.0
2024-07-17,DAR/USDT,0.16082,0.22411,0.16045,0.19735,178733452.0
2024-07-18,DAR/USDT,0.19738,0.21924,0.19332,0.216,114702371.0
2024-07-19,DAR/USDT,0.21599,0.25385,0.20343,0.2256,134227936.0
2024-07-20,DAR/USDT,0.2257,0.22713,0.20965,0.2118,63092649.0
2024-07-21,DAR/USDT,0.2118,0.22077,0.19316,0.20161,44235287.0
2024-07-22,DAR/USDT,0.20165,0.20277,0.19199,0.19531,28197866.0
2024-07-23,DAR/USDT,0.19524,0.19969,0.1861,0.19322,27999695.0
2024-07-24,DAR/USDT,0.19311,0.19443,0.18501,0.18941,15415274.0
2024-07-25,DAR/USDT,0.18939,0.19087,0.17165,0.18445,30061495.0
2024-07-26,DAR/USDT,0.18436,0.18996,0.17995,0.18163,20380181.0
2024-07-27,DAR/USDT,0.18154,0.18469,0.17535,0.1805,19123053.0
2024-07-28,DAR/USDT,0.18054,0.183,0.17172,0.17519,12221555.0
2024-07-29,DAR/USDT,0.17504,0.1834,0.17251,0.17279,19736803.0
2024-07-30,DAR/USDT,0.17276,0.17647,0.16414,0.16585,10545414.0
2024-07-31,DAR/USDT,0.16598,0.17152,0.1627,0.16274,12060914.0
2024-08-01,DAR/USDT,0.16279,0.16456,0.14219,0.15253,25911682.0
2024-08-02,DAR/USDT,0.15244,0.1563,0.14255,0.14398,20026877.0
2024-08-03,DAR/USDT,0.14397,0.14696,0.13161,0.13316,17225643.0
2024-08-04,DAR/USDT,0.13316,0.13916,0.1214,0.12535,19822319.0
2024-08-05,DAR/USDT,0.12547,0.1275,0.09857,0.11508,66085809.0
2024-08-06,DAR/USDT,0.11515,0.12855,0.11501,0.12437,24931645.0
2024-08-07,DAR/USDT,0.12437,0.13958,0.11983,0.12201,53689470.0
2024-08-08,DAR/USDT,0.12214,0.13721,0.11887,0.13681,21728536.0
2024-08-09,DAR/USDT,0.13693,0.13693,0.12816,0.13201,16924503.0
2024-08-10,DAR/USDT,0.13186,0.13332,0.12861,0.13277,11239895.0
2024-08-11,DAR/USDT,0.13277,0.14209,0.12534,0.12617,27729344.0
2024-08-12,DAR/USDT,0.12617,0.13626,0.125,0.13416,22545498.0
2024-08-13,DAR/USDT,0.13408,0.13653,0.12784,0.13435,9092395.0
2024-08-14,DAR/USDT,0.13437,0.13437,0.12579,0.12828,11389161.0
2024-08-15,DAR/USDT,0.12828,0.12968,0.11878,0.12185,21452944.0
2024-08-16,DAR/USDT,0.12181,0.12611,0.1191,0.12388,13875563.0
2024-08-17,DAR/USDT,0.12396,0.12907,0.1224,0.12492,14384911.0
2024-08-18,DAR/USDT,0.12491,0.21949,0.12284,0.19697,425042647.0
2024-08-19,DAR/USDT,0.1969,0.2565,0.16334,0.17175,445426237.0
2024-08-20,DAR/USDT,0.17171,0.1851,0.16583,0.17644,133011959.0
2024-08-21,DAR/USDT,0.17648,0.1877,0.1677,0.17379,78031503.0
2024-08-22,DAR/USDT,0.17379,0.182,0.16856,0.17997,49420405.0
2024-08-23,DAR/USDT,0.17987,0.18592,0.17623,0.18404,38405681.0
2024-08-24,DAR/USDT,0.1841,0.18414,0.17084,0.17468,26939450.0
2024-08-25,DAR/USDT,0.17461,0.17515,0.1642,0.16551,33290082.0
2024-08-26,DAR/USDT,0.16545,0.17168,0.15633,0.15727,33162548.0
2024-08-27,DAR/USDT,0.15726,0.16115,0.14109,0.14482,24562648.0
2024-08-28,DAR/USDT,0.14485,0.15001,0.13604,0.14325,33688447.0
2024-08-29,DAR/USDT,0.14317,0.14966,0.14057,0.14401,20276325.0
2024-08-30,DAR/USDT,0.144,0.1473,0.13752,0.14435,22502821.0
2024-08-31,DAR/USDT,0.14447,0.14528,0.13874,0.14051,7909680.0
2024-09-01,DAR/USDT,0.1405,0.14092,0.13196,0.13361,15143712.0
2024-09-02,DAR/USDT,0.13346,0.14184,0.13301,0.14002,18253235.0
2024-09-03,DAR/USDT,0.14,0.15,0.1338,0.13405,48335208.0
2024-09-04,DAR/USDT,0.13405,0.13955,0.12686,0.13666,26269915.0
2024-09-05,DAR/USDT,0.13666,0.13725,0.13097,0.13216,12273128.0
2024-09-06,DAR/USDT,0.1321,0.13567,0.1236,0.1294,18423989.0
2024-09-07,DAR/USDT,0.1293,0.1967,0.12852,0.17941,250863779.0
2024-09-08,DAR/USDT,0.1794,0.18599,0.17066,0.17904,178442509.0
2024-09-09,DAR/USDT,0.179,0.19387,0.17428,0.17949,129882725.0
2024-09-10,DAR/USDT,0.17944,0.17944,0.16576,0.16624,56137325.0
2024-09-11,DAR/USDT,0.1662,0.16631,0.15128,0.15475,55191112.0
2024-09-12,DAR/USDT,0.15485,0.15948,0.15252,0.15928,34635574.0
2024-09-13,DAR/USDT,0.15928,0.16003,0.1502,0.15542,35478014.0
2024-09-14,DAR/USDT,0.15551,0.15576,0.1503,0.15193,15189319.0
2024-09-15,DAR/USDT,0.15182,0.15599,0.14758,0.14815,22312716.0
2024-09-16,DAR/USDT,0.14821,0.14923,0.14387,0.14477,15490715.0
2024-09-17,DAR/USDT,0.1448,0.151,0.14231,0.1474,14691225.0
2024-09-18,DAR/USDT,0.1475,0.15657,0.14556,0.15588,25286815.0
2024-09-19,DAR/USDT,0.15595,0.16321,0.1546,0.16147,24305763.0
2024-09-20,DAR/USDT,0.16147,0.16833,0.15816,0.16489,21797887.0
2024-09-21,DAR/USDT,0.16492,0.16499,0.15707,0.16195,16911800.0
2024-09-22,DAR/USDT,0.16207,0.16233,0.15089,0.156,12795149.0
2024-09-23,DAR/USDT,0.15605,0.1652,0.15259,0.16473,17021835.0
2024-09-24,DAR/USDT,0.16476,0.17635,0.16147,0.16884,37137674.0
2024-09-25,DAR/USDT,0.16892,0.17132,0.16508,0.16636,11653112.0
2024-09-26,DAR/USDT,0.16636,0.1768,0.163,0.17454,15960329.0
2024-09-27,DAR/USDT,0.1748,0.18116,0.173,0.17682,16359554.0
2024-09-28,DAR/USDT,0.17672,0.18089,0.16587,0.16882,9009366.0
2024-09-29,DAR/USDT,0.16889,0.17621,0.16115,0.17084,11915354.0
2024-09-30,DAR/USDT,0.17089,0.17266,0.15852,0.15956,14288144.0
2024-10-01,DAR/USDT,0.15954,0.16689,0.1361,0.14013,32972257.0
2024-10-02,DAR/USDT,0.14014,0.14742,0.134,0.13755,17286597.0
2024-10-03,DAR/USDT,0.13755,0.1418,0.13238,0.13691,13487518.0
2024-10-04,DAR/USDT,0.13699,0.15838,0.13602,0.14669,65837181.0
2024-10-05,DAR/USDT,0.14667,0.14968,0.14107,0.14389,11147720.0
2024-10-06,DAR/USDT,0.14382,0.14818,0.14094,0.14709,10857007.0
2024-10-07,DAR/USDT,0.1471,0.15181,0.14375,0.14426,14273876.0
2024-10-08,DAR/USDT,0.14426,0.14724,0.1383,0.14126,10245929.0
2024-10-09,DAR/USDT,0.14133,0.14441,0.13612,0.13951,12045366.0
2024-10-10,DAR/USDT,0.1391,0.14186,0.1338,0.13947,8650817.0
2024-10-11,DAR/USDT,0.13956,0.16064,0.13938,0.14998,61751577.0
2024-10-12,DAR/USDT,0.14999,0.1543,0.14924,0.15196,12496620.0
2024-10-13,DAR/USDT,0.152,0.15568,0.14547,0.15073,12799280.0
2024-10-14,DAR/USDT,0.15076,0.16103,0.14831,0.15931,15611995.0
2024-10-15,DAR/USDT,0.15931,0.16426,0.15142,0.15926,18787488.0
2024-10-16,DAR/USDT,0.1593,0.1656,0.15108,0.15498,18323124.0
2024-10-17,DAR/USDT,0.1548,0.15777,0.1468,0.15228,9357469.0
2024-10-18,DAR/USDT,0.15221,0.16489,0.15091,0.1637,14942130.0
2024-10-19,DAR/USDT,0.16354,0.18066,0.15928,0.17196,93027979.0
2024-10-20,DAR/USDT,0.17192,0.1955,0.16411,0.17666,67234266.0
2024-10-21,DAR/USDT,0.1765,0.17741,0.16091,0.16112,21739930.0
2024-10-22,DAR/USDT,0.16115,0.1745,0.15577,0.16304,28637242.0
2024-10-23,DAR/USDT,0.16337,0.16422,0.14967,0.15419,13161724.0
2024-10-24,DAR/USDT,0.15408,0.15835,0.15103,0.15695,7532049.0
2024-10-25,DAR/USDT,0.15683,0.15758,0.13475,0.13945,16854346.0
2024-10-26,DAR/USDT,0.13931,0.14807,0.13583,0.14585,13952947.0
2024-10-27,DAR/USDT,0.1457,0.14826,0.143,0.14678,5628147.0
2024-10-28,DAR/USDT,0.14677,0.151,0.14176,0.14827,12209319.0
2024-10-29,DAR/USDT,0.14834,0.15701,0.14804,0.15386,12879641.0
2024-10-30,DAR/USDT,0.15383,0.15692,0.15036,0.1522,12775494.0
2024-10-31,DAR/USDT,0.15213,0.15308,0.14372,0.14589,9914755.0
2024-11-01,DAR/USDT,0.14589,0.158,0.14195,0.14537,31155953.0
2024-11-02,DAR/USDT,0.14523,0.14972,0.14215,0.14393,9047110.0
2024-11-03,DAR/USDT,0.14412,0.14495,0.12721,0.13262,19945800.0
2024-11-04,DAR/USDT,0.13271,0.13572,0.12428,0.12807,15580034.0
2024-11-05,DAR/USDT,0.12816,0.14312,0.12816,0.1377,21921535.0
2024-11-06,DAR/USDT,0.13764,0.15409,0.13754,0.15211,27243262.0
2024-11-07,DAR/USDT,0.15221,0.156,0.14719,0.15156,15303142.0
2024-11-08,DAR/USDT,0.15182,0.15612,0.14612,0.15227,16869999.0
2024-11-09,DAR/USDT,0.1523,0.16158,0.14976,0.16129,24433867.0
2024-11-10,DAR/USDT,0.16138,0.169,0.15312,0.16217,44003367.0
2024-11-11,DAR/USDT,0.16228,0.17889,0.15804,0.1689,60432449.0
2024-11-12,DAR/USDT,0.16885,0.17197,0.14865,0.15897,36097739.0
2024-11-13,DAR/USDT,0.15901,0.16133,0.1425,0.14849,34718255.0
2024-11-14,DAR/USDT,0.14846,0.15734,0.14205,0.14479,31081925.0
2024-11-15,DAR/USDT,0.14484,0.15655,0.1404,0.15318,36208846.0
2024-11-16,DAR/USDT,0.15326,0.16403,0.15101,0.16192,32720284.0
2024-11-17,DAR/USDT,0.16202,0.16373,0.149,0.15244,33565671.0
2024-11-18,DAR/USDT,0.15246,0.16687,0.15074,0.16439,47623492.0
2024-11-19,DAR/USDT,0.16439,0.16534,0.15161,0.15674,22603020.0
2024-11-20,DAR/USDT,0.15689,0.15707,0.14228,0.14448,21094072.0
2024-11-21,DAR/USDT,0.14452,0.15813,0.13895,0.15481,22011072.0
2024-11-22,DAR/USDT,0.15488,0.1589,0.14883,0.15883,20058092.0
2024-11-23,DAR/USDT,0.1589,0.17382,0.1555,0.16884,46967071.0
2024-11-24,DAR/USDT,0.16867,0.19144,0.16307,0.18972,66742298.0
2024-11-25,DAR/USDT,0.18972,0.18973,0.16888,0.17404,46329440.0
2024-11-26,DAR/USDT,0.17396,0.18768,0.16335,0.17329,38133802.0
2024-11-27,DAR/USDT,0.17338,0.18836,0.16732,0.1877,28380895.0
2024-11-28,DAR/USDT,0.1876,0.195,0.17792,0.18995,29759986.0
2024-11-29,DAR/USDT,0.18987,0.19852,0.18025,0.19554,23186663.0
2024-11-30,DAR/USDT,0.19555,0.21065,0.1909,0.20441,38204271.0
2024-12-01,DAR/USDT,0.20445,0.21057,0.19635,0.19981,31672441.0
2024-12-02,DAR/USDT,0.1998,0.2052,0.183,0.20408,37294826.0
2024-12-03,DAR/USDT,0.2039,0.22495,0.19216,0.22307,56841760.0
2024-12-04,DAR/USDT,0.22312,0.23995,0.2107,0.23105,47589276.0
2024-12-05,DAR/USDT,0.23108,0.23741,0.2143,0.22799,32511850.0
2024-12-06,DAR/USDT,0.22818,0.24659,0.21825,0.23895,35765635.0
2024-12-07,DAR/USDT,0.23892,0.24483,0.23126,0.2352,18464361.0
2024-12-08,DAR/USDT,0.2351,0.25394,0.22538,0.24026,40891869.0
2024-12-09,DAR/USDT,0.24064,0.24066,0.16,0.18462,47718124.0
2024-12-10,DAR/USDT,0.18461,0.19,0.162,0.17908,46374241.0
2024-12-11,DAR/USDT,0.17903,0.19489,0.17221,0.19358,21598727.0
2024-12-12,DAR/USDT,0.19331,0.20338,0.19072,0.19708,21702976.0
2024-12-13,DAR/USDT,0.19712,0.19923,0.18876,0.19735,14276717.0
2024-12-14,DAR/USDT,0.19733,0.20007,0.1797,0.18396,10578271.0
2024-12-15,DAR/USDT,0.184,0.19284,0.17856,0.19138,11103468.0
2024-12-16,DAR/USDT,0.19141,0.19821,0.1791,0.18558,18119371.0
2024-12-17,DAR/USDT,0.18559,0.19179,0.16982,0.17168,24844433.0
2024-12-18,DAR/USDT,0.17193,0.17588,0.1569,0.15853,32002186.0
2024-12-19,DAR/USDT,0.15849,0.187,0.12276,0.12812,145972345.0
2024-12-20,DAR/USDT,0.12812,0.14584,0.11996,0.14176,83385304.0
2024-12-21,DAR/USDT,0.14141,0.15007,0.1313,0.1346,29122115.0
2024-12-22,DAR/USDT,0.1346,0.13928,0.13035,0.13592,18115058.0
2024-12-23,DAR/USDT,0.13596,0.14759,0.13409,0.14497,31216870.0
2024-12-24,DAR/USDT,0.14489,0.16026,0.14133,0.15472,27769989.0
2024-12-25,DAR/USDT,0.15471,0.15875,0.14998,0.15232,18016649.0
2024-12-26,DAR/USDT,0.15243,0.16739,0.1418,0.1537,45662315.0
2024-12-27,DAR/USDT,0.15389,0.16366,0.14894,0.15069,25452555.0
2024-12-28,DAR/USDT,0.15082,0.15895,0.14511,0.15772,11052906.0
2024-12-29,DAR/USDT,0.15777,0.16,0.14839,0.15013,9323305.0
2024-12-30,DAR/USDT,0.15018,0.218,0.14603,0.186,210017584.0
2024-12-31,DAR/USDT,0.1859,0.215,0.1646,0.1664,139878969.0
2025-01-01,DAR/USDT,0.16639,0.1799,0.16538,0.17178,30654845.0
2025-01-02,DAR/USDT,0.17162,0.18574,0.1704,0.17542,28772081.0
2025-01-03,DAR/USDT,0.17542,0.18565,0.17052,0.18196,18551126.0
2025-01-04,DAR/USDT,0.18176,0.23888,0.1775,0.21616,149006800.0
2025-01-05,DAR/USDT,0.21608,0.2345,0.20505,0.21437,73073104.0
2025-01-06,DAR/USDT,0.21489,0.21873,0.20721,0.21707,9993220.0
